<DataFlowRule version="1">
  <Info>
    <Identifier>AAAA</Identifier>
    <Name>Insecure Redirection</Name>
    <Author>TA</Author>
    <Email>ta@cigital.com</Email>
	 <Description>Unsanitized data used for controller redirection</Description>
	 <Problem>Attacker controlled data can manipulate the controller navigation.	
		This data enters the application at
		%SOURCEFILE%:%SOURCELINE% through the variable %SOURCEVAR% which
		eventually leads to manipulation of controller navigation.
		%SINKFILE%:%SINKLINE%.</Problem>
    <Resolution>Sanitize the attacker controlled input before using it.</Resolution>
  </Info>

  <!-- All data originating from user input... -->
  <Sources>
    <Source type="Group" name="UserInput"/>
  </Sources>

  <!-- ...where data is queried through a Log statement -->
  <Sinks>
    <Sink type="Managed">
      <NameSpace>System.Web.Mvc</NameSpace>
      <Class>Controller</Class>
      <Member type="Method" name="Redirect(Permanent)"/>
      <Parameters>
        <Parameter type="InParameter" dataType="System.String" index="0"/>
      </Parameters>
    </Sink>	
  </Sinks>	
	<Filters>
    <!-- Ignore data flow paths that have primitive return types -->
    <BuiltinFilter name="PrimitiveReturnTypes" description="Primitive Data Type">
      <Action>Ignore</Action>
    </BuiltinFilter>
  </Filters>
</DataFlowRule>
