<DataFlowRule version="1">
  <Info>
    <Identifier>ZZZZZ</Identifier>
    <Name>Insecure ASPX control loading</Name>
    <Author>Tanay</Author>
    <Email>ta@cigital.com</Email>
	 <Description>User controllable data used to dynamically load ASPX controls</Description>
	 <Problem>
	 Attacker controlled data can find and load arbitrary server-side control.
	 This data enters the application at
		%SOURCEFILE%:%SOURCELINE% through the variable %SOURCEVAR% which
		eventually leads to load server-side control.
		%SINKFILE%:%SINKLINE%.</Problem>
    <Resolution>Sanitize the attacker controlled input before using it.</Resolution>
  </Info>

  <!-- All data originating from user input... -->
  <Sources>
    <Source type="Group" name="UserInput"/>
  </Sources>

  <!-- ...where data is queried through a Log statement -->
  <Sinks>
    <Sink type="Managed">
      <NameSpace>System.Web.UI</NameSpace>
      <Class>Page</Class>
      <Member type="Method" name="FindControl"/>
      <Parameters>
        <Parameter type="InParameter" dataType="System.String" index="0"/>
      </Parameters>
    </Sink>
	<Sink type="Managed">
      <NameSpace>System.Web.UI</NameSpace>
      <Class>TemplateControl</Class>
      <Member type="Method" name="LoadControl"/>
      <Parameters>
        <Parameter type="InParameter" dataType="System.String" index="0"/>
      </Parameters>
    </Sink>
	
  </Sinks>	
	<Filters>
    <!-- Ignore data flow paths that have primitive return types -->
    <BuiltinFilter name="PrimitiveReturnTypes" description="Primitive Data Type">
      <Action>Ignore</Action>
    </BuiltinFilter>
  </Filters>
</DataFlowRule>
