<DataFlowRule version="1">
  <Info>
    <Identifier>BBBBB</Identifier>
    <Name>Insecure XML loading and parsing</Name>
    <Author>TA</Author>
    <Email>ta@cigital.com</Email>
	 <Description>XML Parsing Issue- Identifies potentially dangerous calls that require proper parser configuration.</Description>
	 <Problem>Attacker controlled data is parsed and sent to the XML which may lead to XML injections.	
		This data enters the application at
		%SOURCEFILE%:%SOURCELINE% through the variable %SOURCEVAR% which
		eventually leads to
		%SINKFILE%:%SINKLINE%.</Problem>
    <Resolution>Sanitize the attacker controlled input before using it.</Resolution>
  </Info>

  <!-- All data originating from user input... -->
  <Sources>
    <Source type="Group" name="UserInput"/>
  </Sources>

  <!-- ...where data is queried through a Log statement -->
  <Sinks>
    <Sink type="Managed">
      <NameSpace>System.Xml</NameSpace>
      <Class>XmlDocument</Class>
      <Member type="Method" name="LoadXml"/>
      <Parameters>
        <Parameter type="InParameter" dataType="System.String" index="0"/>
      </Parameters>
    </Sink>	
	<Sink type="Managed">
      <NameSpace>System.Xml</NameSpace>
      <Class>XmlDocument</Class>
      <Member type="Method" name="Load"/>
      <Parameters>
        <Parameter type="InParameter" dataType="System.String" index="0"/>
      </Parameters>
    </Sink>	
  </Sinks>	
	<Filters>
    <!-- Ignore data flow paths that have primitive return types -->
    <BuiltinFilter name="PrimitiveReturnTypes" description="Primitive Data Type">
      <Action>Ignore</Action>
    </BuiltinFilter>
  </Filters>
</DataFlowRule>
