﻿<DataFlowRule version="1">
  <Info>
    <Identifier>XXXXX</Identifier>
    <Name>Log Injection</Name>
    <Author>TA</Author>
    <Email>txfem</Email>
	 <Description>This rule detects Log injection vulnerabilities.</Description>
	 <Problem>A Log injection vulnerability was found through
		a user controlled variable that enters the application at
		%SOURCEFILE%:%SOURCELINE% through the variable %SOURCEVAR% which
		eventually leads to a log injection issue at
		%SINKFILE%:%SINKLINE%.</Problem>
    <Resolution>Sanitize the user controlled input before using it in a Log
		 query.</Resolution>
  </Info>

  <!-- All data originating from user input... -->
  <Sources>
    <Source type="Group" name="UserInput"/>
  </Sources>

  <!-- ...where data is queried through a Log statement -->
  <Sinks>
    <Sink type="Managed">
      <NameSpace>log4net</NameSpace>
      <Class>Ilog</Class>
      <Member type="Method" name="Info"/>
      <Parameters>
        <Parameter type="InParameter" dataType="System.String" index="0"/>
      </Parameters>
    </Sink>
	<Sink type="Managed">
      <NameSpace>log4net</NameSpace>
      <Class>Ilog</Class>
      <Member type="Method" name="Debug"/>
      <Parameters>
        <Parameter type="InParameter" dataType="System.String" index="0"/>
      </Parameters>
    </Sink>
	<Sink type="Managed">
      <NameSpace>log4net</NameSpace>
      <Class>Ilog</Class>
      <Member type="Method" name="Error"/>
      <Parameters>
        <Parameter type="InParameter" dataType="System.String" index="0"/>
      </Parameters>
    </Sink>
	<Sink type="Managed">
      <NameSpace>log4net</NameSpace>
      <Class>Ilog</Class>
      <Member type="Method" name="Fatal"/>
      <Parameters>
        <Parameter type="InParameter" dataType="System.String" index="0"/>
      </Parameters>
    </Sink>
	<Sink type="Managed">
      <NameSpace>log4net</NameSpace>
      <Class>Ilog</Class>
      <Member type="Method" name="Warn"/>
      <Parameters>
        <Parameter type="InParameter" dataType="System.String" index="0"/>
      </Parameters>
    </Sink>
	<Sink type="Managed">
      <NameSpace>log4net</NameSpace>
      <Class>Ilog</Class>
      <Member type="Method" name="Warn"/>
      <Parameters>
        <Parameter type="InParameter" dataType="System.String" index="0"/>
      </Parameters>
    </Sink>
	<Sink type="Managed">
      <NameSpace>Microsoft.Practices.EnterpriseLibrary.Logging</NameSpace>
      <Class>Logger</Class>
      <Member type="Method" name="Write"/>
      <Parameters>
        <Parameter type="InParameter" dataType="System.String" index="0"/>
      </Parameters>
    </Sink>
	<Sink type="Managed">
      <NameSpace>Microsoft.Practices.EnterpriseLibrary.Logging</NameSpace>
      <Class>LogEntry</Class>
      <Member type="Method" name="Message"/>
      <Parameters>
        <Parameter type="InParameter" dataType="System.String" index="0"/>
      </Parameters>
    </Sink>
	<Sink type="Managed">
      <NameSpace>Microsoft.Practices.EnterpriseLibrary.Logging</NameSpace>
      <Class>LogEntry</Class>
      <Member type="Method" name="AppDomainName"/>
      <Parameters>
        <Parameter type="InParameter" dataType="System.String" index="0"/>
      </Parameters>
    </Sink>
	<Sink type="Managed">
      <NameSpace>Microsoft.Practices.EnterpriseLibrary.Logging</NameSpace>
      <Class>LogEntry</Class>
      <Member type="Method" name="MachineName"/>
      <Parameters>
        <Parameter type="InParameter" dataType="System.String" index="0"/>
      </Parameters>
    </Sink>
	<Sink type="Managed">
      <NameSpace>Microsoft.Practices.EnterpriseLibrary.Logging</NameSpace>
      <Class>LogEntry</Class>
      <Member type="Method" name="ManagedThreadName"/>
      <Parameters>
        <Parameter type="InParameter" dataType="System.String" index="0"/>
      </Parameters>
    </Sink>
	<Sink type="Managed">
      <NameSpace>Microsoft.Practices.EnterpriseLibrary.Logging</NameSpace>
      <Class>LogEntry</Class>
      <Member type="Method" name="ProcessId"/>
      <Parameters>
        <Parameter type="InParameter" dataType="System.String" index="0"/>
      </Parameters>
    </Sink>
	<Sink type="Managed">
      <NameSpace>Microsoft.Practices.EnterpriseLibrary.Logging</NameSpace>
      <Class>LogEntry</Class>
      <Member type="Method" name="ProcessName"/>
      <Parameters>
        <Parameter type="InParameter" dataType="System.String" index="0"/>
      </Parameters>
    </Sink>
	<Sink type="Managed">
      <NameSpace>Microsoft.Practices.EnterpriseLibrary.Logging</NameSpace>
      <Class>LogEntry</Class>
      <Member type="Method" name="Title"/>
      <Parameters>
        <Parameter type="InParameter" dataType="System.String" index="0"/>
      </Parameters>
    </Sink>
</Sinks>
	<Filters>
    <!-- Ignore data flow paths that have primitive return types -->
    <BuiltinFilter name="PrimitiveReturnTypes" description="Primitive Data Type">
      <Action>Ignore</Action>
    </BuiltinFilter>
  </Filters>
</DataFlowRule>
