﻿<DataFlowRule version="1">
  <Info>
    <Identifier>YYYYY</Identifier>
    <Name>Path Traversal</Name>
    <Author>TA</Author>
    <Email>ta@cigital.com</Email>
	 <Description>Attacker controlled data can manipulate which file or directory is accessed on the file system.</Description>
	 <Problem>A Log injection vulnerability was found through
		a user controlled variable that enters the application at
		%SOURCEFILE%:%SOURCELINE% through the variable %SOURCEVAR% which
		eventually leads to a log injection issue at
		%SINKFILE%:%SINKLINE%.</Problem>
    <Resolution>Sanitize the user controlled input before using it in a Log
		 query.</Resolution>
  </Info>

  <!-- All data originating from user input... -->
  <Sources>
    <Source type="Group" name="UserInput"/>
  </Sources>

  <!-- ...where data is queried through a Log statement -->
  <Sinks>
    <Sink type="Managed">
      <NameSpace>System.IO</NameSpace>
      <Class>Directory</Class>
      <Member type="Method" name="CreateDirectory"/>
      <Parameters>
        <Parameter type="InParameter" dataType="System.String" index="0"/>
      </Parameters>
    </Sink>
	<Sink type="Managed">
      <NameSpace>System.IO</NameSpace>
      <Class>Directory</Class>
      <Member type="Method" name="Delete"/>
      <Parameters>
        <Parameter type="InParameter" dataType="System.String" index="0"/>
      </Parameters>
    </Sink>
	<Sink type="Managed">
      <NameSpace>System.IO</NameSpace>
      <Class>Directory</Class>
      <Member type="Method" name="Enumerate(Directories|Files|FileSystemEntries)"/>
      <Parameters>
        <Parameter type="InParameter" dataType="System.String" index="0"/>
      </Parameters>
    </Sink>
	<Sink type="Managed">
      <NameSpace>System.IO</NameSpace>
      <Class>Directory</Class>
      <Member type="Method" name="Exists"/>
      <Parameters>
        <Parameter type="InParameter" dataType="System.String" index="0"/>
      </Parameters>
    </Sink>
	<Sink type="Managed">
      <NameSpace>System.IO</NameSpace>
      <Class>Directory</Class>
      <Member type="Method" name="(Get|Set)(AccessControl|CreationTime(Utc)|Last(Access|Write)Time(Utc))"/>
      <Parameters>
        <Parameter type="InParameter" dataType="System.String" index="0"/>
      </Parameters>
    </Sink>
	<Sink type="Managed">
      <NameSpace>System.IO</NameSpace>
      <Class>Directory</Class>
      <Member type="Method" name="Get(Directories|DirectoryRoot|Files|FileSystemEntries|Parent)"/>
      <Parameters>
        <Parameter type="InParameter" dataType="System.String" index="0"/>
      </Parameters>
    </Sink>
	<Sink type="Managed">
      <NameSpace>System.IO</NameSpace>
      <Class>Directory</Class>
      <Member type="Method" name="SetCurrentDirectory"/>
      <Parameters>
        <Parameter type="InParameter" dataType="System.String" index="0"/>
      </Parameters>
    </Sink>
	<Sink type="Managed">
      <NameSpace>System.IO</NameSpace>
      <Class>DirectoryInfo</Class>
      <Member type="Method" name="CreateSubdirectory"/>
      <Parameters>
        <Parameter type="InParameter" dataType="System.String" index="0"/>
      </Parameters>
    </Sink>
	<Sink type="Managed">
      <NameSpace>System.IO</NameSpace>
      <Class>DirectoryInfo</Class>
      <Member type="Method" name="Enumerate(Directories|Files|FileSystemInfos)"/>
      <Parameters>
        <Parameter type="InParameter" dataType="System.String" index="0"/>
      </Parameters>
    </Sink>
	<Sink type="Managed">
      <NameSpace>System.IO</NameSpace>
      <Class>DirectoryInfo</Class>
      <Member type="Method" name="Get(Directories|Files|FileSystemInfos)"/>
      <Parameters>
        <Parameter type="InParameter" dataType="System.String" index="0"/>
      </Parameters>
    </Sink>
	<Sink type="Managed">
      <NameSpace>System.IO</NameSpace>
      <Class>DirectoryInfo</Class>
      <Member type="Method" name="MoveTo"/>
      <Parameters>
        <Parameter type="InParameter" dataType="System.String" index="0"/>
      </Parameters>
    </Sink>
	<Sink type="Managed">
      <NameSpace>System.IO</NameSpace>
      <Class>File</Class>
      <Member type="Method" name="Append(AllLines|AllText|Text)"/>
      <Parameters>
        <Parameter type="InParameter" dataType="System.String" index="0"/>
      </Parameters>
    </Sink>
	<Sink type="Managed">
      <NameSpace>System.IO</NameSpace>
      <Class>File</Class>
      <Member type="Method" name="Create(Text)"/>
      <Parameters>
        <Parameter type="InParameter" dataType="System.String" index="0"/>
      </Parameters>
    </Sink>
	<Sink type="Managed">
      <NameSpace>System.IO</NameSpace>
      <Class>File</Class>
      <Member type="Method" name="Decrypt"/>
      <Parameters>
        <Parameter type="InParameter" dataType="System.String" index="0"/>
      </Parameters>
    </Sink>
	<Sink type="Managed">
      <NameSpace>System.IO</NameSpace>
      <Class>File</Class>
      <Member type="Method" name="Delete"/>
      <Parameters>
        <Parameter type="InParameter" dataType="System.String" index="0"/>
      </Parameters>
    </Sink>
	<Sink type="Managed">
      <NameSpace>System.IO</NameSpace>
      <Class>File</Class>
      <Member type="Method" name="Encrypt"/>
      <Parameters>
        <Parameter type="InParameter" dataType="System.String" index="0"/>
      </Parameters>
    </Sink>
	<Sink type="Managed">
      <NameSpace>System.IO</NameSpace>
      <Class>File</Class>
      <Member type="Method" name="Exists"/>
      <Parameters>
        <Parameter type="InParameter" dataType="System.String" index="0"/>
      </Parameters>
    </Sink>
	<Sink type="Managed">
      <NameSpace>System.IO</NameSpace>
      <Class>File</Class>
      <Member type="Method" name="(Get|Set)(AccessControl|Attributes|CreationTime(Utc)|Last(Access|Write)Time(Utc))"/>
      <Parameters>
        <Parameter type="InParameter" dataType="System.String" index="0"/>
      </Parameters>
    </Sink>
	<Sink type="Managed">
      <NameSpace>System.IO</NameSpace>
      <Class>File</Class>
      <Member type="Method" name="Move"/>
      <Parameters>
        <Parameter type="InParameter" dataType="System.String" index="0"/>
      </Parameters>
    </Sink>
	<Sink type="Managed">
      <NameSpace>System.IO</NameSpace>
      <Class>File</Class>
      <Member type="Method" name="Open(Read|Text|Write)"/>
      <Parameters>
        <Parameter type="InParameter" dataType="System.String" index="0"/>
      </Parameters>
    </Sink>
	<Sink type="Managed">
      <NameSpace>System.IO</NameSpace>
      <Class>File</Class>
      <Member type="Method" name="Read(AllBytes|AllLines|AllText|Lines)"/>
      <Parameters>
        <Parameter type="InParameter" dataType="System.String" index="0"/>
      </Parameters>
    </Sink>
	<Sink type="Managed">
      <NameSpace>System.IO</NameSpace>
      <Class>File</Class>
      <Member type="Method" name="WriteAll(Bytes|Lines|Text)"/>
      <Parameters>
        <Parameter type="InParameter" dataType="System.String" index="0"/>
      </Parameters>
    </Sink>
	<Sink type="Managed">
      <NameSpace>System.IO</NameSpace>
      <Class>File</Class>
      <Member type="Method" name="Copy"/>
      <Parameters>
        <Parameter type="InParameter" dataType="System.String" index="0"/>
      </Parameters>
    </Sink>
	<Sink type="Managed">
      <NameSpace>System.IO</NameSpace>
      <Class>File</Class>
      <Member type="Method" name="Replace"/>
      <Parameters>
        <Parameter type="InParameter" dataType="System.String" index="0"/>
      </Parameters>
    </Sink>
	<Sink type="Managed">
      <NameSpace>System.IO</NameSpace>
      <Class>FileInfo</Class>
      <Member type="Method" name="CopyTo"/>
      <Parameters>
        <Parameter type="InParameter" dataType="System.String" index="0"/>
      </Parameters>
    </Sink>
	<Sink type="Managed">
      <NameSpace>System.IO</NameSpace>
      <Class>FileInfo</Class>
      <Member type="Method" name="MoveTo"/>
      <Parameters>
        <Parameter type="InParameter" dataType="System.String" index="0"/>
      </Parameters>
    </Sink>
	<Sink type="Managed">
      <NameSpace>System.IO</NameSpace>
      <Class>FileInfo</Class>
      <Member type="Method" name="Replace"/>
      <Parameters>
        <Parameter type="InParameter" dataType="System.String" index="0"/>
      </Parameters>
    </Sink>
	<Sink type="Managed">
      <NameSpace>System.IO</NameSpace>
      <Class>Path</Class>
      <Member type="Method" name="Get(DirectoryName|Extension|FileName(WithoutExtension)|FullPath|PathRoot)"/>
      <Parameters>
        <Parameter type="InParameter" dataType="System.String" index="0"/>
      </Parameters>
    </Sink>
	<Sink type="Managed">
      <NameSpace>System.IO</NameSpace>
      <Class>Path</Class>
      <Member type="Method" name="Combine"/>
      <Parameters>
        <Parameter type="InParameter" dataType="System.String" index="0"/>
      </Parameters>
    </Sink>
	<Sink type="Managed">
      <NameSpace>System.IO</NameSpace>
      <Class>HttpResponse</Class>
      <Member type="Method" name="(AddFile(Dependency|Dependencies)|TransmitFile|WriteFile)"/>
      <Parameters>
        <Parameter type="InParameter" dataType="System.String" index="0"/>
      </Parameters>
    </Sink>
	
	
	
	
  </Sinks>	
	<Filters>
    <!-- Ignore data flow paths that have primitive return types -->
    <BuiltinFilter name="PrimitiveReturnTypes" description="Primitive Data Type">
      <Action>Ignore</Action>
    </BuiltinFilter>
  </Filters>
</DataFlowRule>
