<DataFlowRule version="1">
	<Info>
		<Identifier>ACESEC01</Identifier>
		<Name>SQL Injection</Name>
		<Author>Matt Miller</Author>
		<Email>v-mamill@microsoft.com</Email>
		<Description>This rule detects SQL injection vulnerabilities.</Description>
		<Problem>A SQL injection vulnerability was found through
		a user controlled variable that enters the application at
		%SOURCEFILE%:%SOURCELINE% through the variable %SOURCEVAR% which
		eventually leads to a SQL injection issue at
		%SINKFILE%:%SINKLINE%.</Problem>
		<Resolution>Use parameterized SQL instead of dynamic SQL.</Resolution>
	</Info>

	<!-- All data originating from user input... -->
	<Sources>
		<Source type="Group" name="UserInput"/>
	</Sources>

	<!-- ...where data arrives at SQL command text routines -->
	<Sinks>
		<Sink type="Managed">
			<NameSpace>System.Data.SqlClient</NameSpace>
			<Class>SqlCommand</Class>
			<Member type="Method" name=".ctor"/>
			<Parameters>
				<Parameter type="InParameter" dataType="System.String" index="0"/>
			</Parameters>
		</Sink>
			<Sink type="Managed">
			<NameSpace>System.Data.SqlClient</NameSpace>
			<Class>SqlDataAdapter</Class>
			<Member type="Method" name=".ctor"/>
			<Parameters>
				<Parameter type="InParameter" dataType="System.String" index="0"/>
			</Parameters>
		</Sink>
		<Sink type="Managed">
			<NameSpace>Mono.Data.Sqlite</NameSpace>
			<Class>SqlDataAdapter</Class>
			<Member type="Method" name=".ctor"/>
			<Parameters>
				<Parameter type="InParameter" dataType="System.String" index="0"/>
			</Parameters>
		</Sink>
		<Sink type="Managed">
			<NameSpace>Mono.Data.Sqlite</NameSpace>
			<Class>SqliteCommand</Class>
			<Member type="Method" name="CommandText"/>
			<Parameters>
				<Parameter type="InParameter" dataType="System.String" index="0"/>
			</Parameters>
		</Sink>
		<Sink type="Managed">
			<NameSpace>Mono.Data.Sqlite</NameSpace>
			<Class>SqliteCommand</Class>
			<Member type="Method" name=".ctor"/>
			<Parameters>
				<Parameter type="InParameter" dataType="System.String" index="0"/>
			</Parameters>
		</Sink>
		<Sink type="Managed">
			<NameSpace>System.Data.SqlClient</NameSpace>
			<Class>SqlCommand</Class>
			<Member type="Method" name="set_CommandText"/>
			<Parameters>
				<Parameter type="InParameter" dataType="System.String" index="0"/>
			</Parameters>
		</Sink>
		<Sink type="Managed">
			<NameSpace>System.Data.SqlClient</NameSpace>
			<Class>SqlCommand</Class>
			<Member type="Method" name="CommandText"/>
			<Parameters>
				<Parameter type="InParameter" dataType="System.String" index="0"/>
			</Parameters>
		</Sink>
		<Sink type="Managed">
			<NameSpace>System.Data.Common</NameSpace>
			<Class>DbCommand</Class>
			<Member type="Method" name="set_CommandText"/>
			<Parameters>
				<Parameter type="InParameter" dataType="System.String" index="0"/>
			</Parameters>
		</Sink>
		<Sink type="Managed">
			<NameSpace>Microsoft.Whos.Framework.Data</NameSpace>
			<Class>SqlUtility</Class>
			<Member type="Method" name="ExecuteDataset"/>
			<Parameters>
				<Parameter type="InParameter" dataType="System.String" index="0"/>
			</Parameters>
		</Sink>
		<Sink type="Managed">
			<NameSpace>System.Data.OleDb</NameSpace>
			<Class>OleDbCommand</Class>
			<Member type="Method" name=".ctor"/>
			<Parameters>
				<Parameter type="InParameter" dataType="System.String" index="0"/>
			</Parameters>
		</Sink>
		<Sink type="Managed">
			<NameSpace>System.Data.OleDb</NameSpace>
			<Class>OleDbCommand</Class>
			<Member type="Method" name="CommandText"/>
			<Parameters>
				<Parameter type="InParameter" dataType="System.String" index="0"/>
			</Parameters>
		</Sink>
		<Sink type="Managed">
			<NameSpace>System.Data.OleDb</NameSpace>
			<Class>OleDbDataAdapter</Class>
			<Member type="Method" name=".ctor"/>
			<Parameters>
				<Parameter type="InParameter" dataType="System.String" index="0"/>
			</Parameters>
		</Sink>
		<Sink type="Managed">
			<NameSpace>System.Data.Odbc</NameSpace>
			<Class>OdbcCommand</Class>
			<Member type="Method" name=".ctor"/>
			<Parameters>
				<Parameter type="InParameter" dataType="System.String" index="0"/>
			</Parameters>
		</Sink>
		<Sink type="Managed">
			<NameSpace>System.Data.Odbc</NameSpace>
			<Class>OdbcCommand</Class>
			<Member type="Method" name="CommandText"/>
			<Parameters>
				<Parameter type="InParameter" dataType="System.String" index="0"/>
			</Parameters>
		</Sink>
		<Sink type="Managed">
			<NameSpace>System.Data.Odbc</NameSpace>
			<Class>OdbcDataAdapter</Class>
			<Member type="Method" name=".ctor"/>
			<Parameters>
				<Parameter type="InParameter" dataType="System.String" index="0"/>
			</Parameters>
		</Sink>
		<Sink type="Managed">
			<NameSpace>System.Data.OracleClient</NameSpace>
			<Class>OracleCommand</Class>
			<Member type="Method" name="CommandText"/>
			<Parameters>
				<Parameter type="InParameter" dataType="System.String" index="0"/>
			</Parameters>
		</Sink>
		<Sink type="Managed">
			<NameSpace>System.Data.OracleClient</NameSpace>
			<Class>OracleCommand</Class>
			<Member type="Method" name=".ctor"/>
			<Parameters>
				<Parameter type="InParameter" dataType="System.String" index="0"/>
			</Parameters>
		</Sink>
		<Sink type="Managed">
			<NameSpace>System.Web.UI.WebControls</NameSpace>
			<Class>SqlDataSource</Class>
			<Member type="Method" name=".ctor"/>
			<Parameters>
				<Parameter type="InParameter" dataType="System.String" index="1"/>
				<Parameter type="InParameter" dataType="System.String" index="2"/>
			</Parameters>
		</Sink>
		<Sink type="Managed">
			<NameSpace>System.Web.UI.WebControls</NameSpace>
			<Class>SqlDataSource</Class>
			<Member type="Method" name="set_SelectCommand"/>
			<Parameters>
				<Parameter type="InParameter" dataType="System.String" index="0"/>
			</Parameters>
		</Sink>
		<Sink type="Managed">
			<NameSpace>System.Web.UI.WebControls</NameSpace>
			<Class>SqlDataSourceView</Class>
			<Member type="Method" name="set_SelectCommand"/>
			<Parameters>
				<Parameter type="InParameter" dataType="System.String" index="0"/>
			</Parameters>
		</Sink>
		<Sink type="Managed">
			<NameSpace>MySql.Data.MySqlClient</NameSpace>
			<Class>MySqlDataAdapter</Class>
			<Member type="Method" name=".ctor"/>
			<Parameters>
				<Parameter type="InParameter" dataType="System.String" index="0"/>
			</Parameters>
		</Sink>
		<Sink type="Managed">
			<NameSpace>MySql.Data.MySqlClient</NameSpace>
			<Class>MySqlCommand</Class>
			<Member type="Method" name="CommandText"/>
			<Parameters>
				<Parameter type="InParameter" dataType="System.String" index="0"/>
			</Parameters>
		</Sink>
		<Sink type="Managed">
			<NameSpace>System.Data.SqlClient</NameSpace>
			<Class>SqlDataAdapter</Class>
			<Member type="Method" name=".ctor"/>
			<Parameters>
				<Parameter type="InParameter" dataType="System.String" index="0"/>
			</Parameters>
		</Sink>
		<Sink type="Managed">
			<NameSpace>Mono.Data.Sqlite</NameSpace>
			<Class>SqliteDataAdapter</Class>
			<Member type="Method" name=".ctor"/>
			<Parameters>
				<Parameter type="InParameter" dataType="System.String" index="0"/>
			</Parameters>
		</Sink>
		<Sink type="Managed">
			<NameSpace>MySql.Data.MySqlClient</NameSpace>
			<Class>MySqlHelper</Class>
			<Member type="Method" name="ExecuteScalar"/>
			<Parameters>
				<Parameter type="InParameter" dataType="System.String" index="0"/>
			</Parameters>
		</Sink>
		<Sink type="Managed">
			<NameSpace>System.Data.Entity</NameSpace>
			<Class>Database</Class>
			<Member type="Method" name="SqlQuery"/>
			<Parameters>
				<Parameter type="InParameter" dataType="System.String" index="0"/>
			</Parameters>
		</Sink>
	</Sinks>
	<Filters>
		<!-- Ignore data flow paths that have primitive return types -->
		<BuiltinFilter name="PrimitiveReturnTypes" description="Primitive Data Type">
			<Action>Ignore</Action>
		</BuiltinFilter>

		<!-- By default, we ignore data flow paths that contain data that is
		     retrieved from the database.  This is because we cannot assume the format
			  of the schema or the type of data queried.
		  -->
		<BuiltinFilter name="DatabaseQueryResult" description="Ignore results from DB queries">
			<Action>Ignore</Action>
		</BuiltinFilter>

		<!-- Ignore data flow paths that have parameterized SQL in them. -->
		<BuiltinFilter name="CallToMethod" description="Parameterized SQL">
			<Arguments>
				<Argument>System.Data.SqlClient</Argument>
				<Argument>SqlParameter</Argument>
				<Argument>.ctor</Argument>
			</Arguments>
			<Action>Ignore</Action>
		</BuiltinFilter>
		<BuiltinFilter name="CallToMethod" description="Parameterized SQL in OleDB">
			<Arguments>
				<Argument>System.Data.OleDb</Argument>
				<Argument>OleDbParameter</Argument>
				<Argument>.ctor</Argument>
			</Arguments>
			<Action>Ignore</Action>
		</BuiltinFilter>
		<BuiltinFilter name="CallToMethod" description="Parameterized SQL in ODBC">
			<Arguments>
				<Argument>System.Data.ODBC</Argument>
				<Argument>ODBCParameter</Argument>
				<Argument>.ctor</Argument>
			</Arguments>
			<Action>Ignore</Action>
		</BuiltinFilter>
	</Filters>
</DataFlowRule>
