﻿<DataFlowRule version="1">
  <Info>
    <Identifier>ACESEC08</Identifier>
    <Name>LDAP Injection</Name>
    <Author>Eric Leonard</Author>
    <Email>ericleo@microsoft.com</Email>
	 <Description>This rule detects LDAP injection vulnerabilities.</Description>
	 <Problem>An LDAP injection vulnerability was found through
		a user controlled variable that enters the application at
		%SOURCEFILE%:%SOURCELINE% through the variable %SOURCEVAR% which
		eventually leads to an LDAP injection issue at
		%SINKFILE%:%SINKLINE%.</Problem>
    <Resolution>Sanitize the user controlled string before using it in an LDAP
		 query.</Resolution>
  </Info>

  <!-- All data originating from user input... -->
  <Sources>
    <Source type="Group" name="UserInput"/>
  </Sources>

  <!-- ...where data is queried through an XPath statement -->
  <Sinks>
    <Sink type="Managed">
      <NameSpace>System.DirectoryServices</NameSpace>
      <Class>DirectorySearcher</Class>
      <Member type="Method" name=".ctor"/>
      <Parameters>
        <Parameter type="InParameter" dataType="System.String" index="0"/>
        <Parameter type="InParameter" dataType="System.String" index="1"/>
      </Parameters>
    </Sink>
    <Sink type="Managed">
      <NameSpace>System.DirectoryServices</NameSpace>
      <Class>DirectorySearcher</Class>
      <Member type="Method" name="set_Filter"/>
      <Parameters>
        <Parameter type="InParameter" dataType="System.String" index="0"/>
      </Parameters>
    </Sink>    
	<Sink type="Managed">
      <NameSpace>System.DirectoryServices</NameSpace>
      <Class>DirectorySearcher</Class>
      <Member type="Method" name="Filter"/>
      <Parameters>
        <Parameter type="InParameter" dataType="System.String" index="0"/>
      </Parameters>
    </Sink>    
  <Sink type="Managed">
      <NameSpace>System.DirectoryServices.Protocols</NameSpace>
      <Class>SearchRequest</Class>
      <Member type="Method" name="Filter"/>
      <Parameters>
        <Parameter type="InParameter" dataType="System.String" index="0"/>
      </Parameters>
    </Sink>  
<Sink type="Managed">
      <NameSpace>System.DirectoryServices.AccountManagement</NameSpace>
      <Class>UserPrincipal</Class>
      <Member type="Method" name="FindByIdentity"/>
      <Parameters>
        <Parameter type="InParameter" dataType="System.String" index="0"/>
      </Parameters>
    </Sink>    	
  </Sinks>
  <Filters>
    <!-- Ignore data flow paths that have primitive return types -->
    <BuiltinFilter name="PrimitiveReturnTypes" description="Primitive Data Type">
      <Action>Ignore</Action>
    </BuiltinFilter>
  </Filters>
</DataFlowRule>
