﻿<DataFlowRule version="1">
  <Info>
    <Identifier>ACESEC07</Identifier>
    <Name>XPath Injection</Name>
    <Author>Eric Leonard</Author>
    <Email>ericleo@microsoft.com</Email>
	 <Description>This rule detects XPath injection vulnerabilities.</Description>
	 <Problem>An XPath injection vulnerability was found through
		a user controlled variable that enters the application at
		%SOURCEFILE%:%SOURCELINE% through the variable %SOURCEVAR% which
		eventually leads to an XPath injection issue at
		%SINKFILE%:%SINKLINE%.</Problem>
    <Resolution>Sanitize the user controlled input before using it in an XPath
		 query.</Resolution>
  </Info>

  <!-- All data originating from user input... -->
  <Sources>
    <Source type="Group" name="UserInput"/>
  </Sources>

  <!-- ...where data is queried through an XPath statement -->
  <Sinks>
    <Sink type="Managed">
      <NameSpace>System.Xml</NameSpace>
      <Class>XmlNode</Class>
      <Member type="Method" name="SelectNodes"/>
      <Parameters>
        <Parameter type="InParameter" dataType="System.String" index="0"/>
      </Parameters>
    </Sink>
    <Sink type="Managed">
      <NameSpace>System.Xml</NameSpace>
      <Class>XmlNode</Class>
      <Member type="Method" name="SelectSingleNode"/>
      <Parameters>
        <Parameter type="InParameter" dataType="System.String" index="0"/>
      </Parameters>
    </Sink>
    <Sink type="Managed">
      <NameSpace>System.Xml.XPath</NameSpace>
      <Class>XPathExpression</Class>
      <Member type="Method" name="Compile"/>
      <Parameters>
        <Parameter type="InParameter" dataType="System.String" index="0"/>
      </Parameters>
    </Sink>
    <Sink type="Managed">
      <NameSpace>System.Xml.XPath</NameSpace>
      <Class>XPathNavigator</Class>
      <Member type="Method" name="Evaluate"/>
      <Parameters>
        <Parameter type="InParameter" dataType="System.String" index="0"/>
      </Parameters>
    </Sink>
    <Sink type="Managed">
      <NameSpace>System.Xml.XPath</NameSpace>
      <Class>XPathNavigator</Class>
      <Member type="Method" name="Compile"/>
      <Parameters>
        <Parameter type="InParameter" dataType="System.String" index="0"/>
      </Parameters>
    </Sink>
    <Sink type="Managed">
      <NameSpace>System.Xml.XPath</NameSpace>
      <Class>XPathNavigator</Class>
      <Member type="Method" name="Matches"/>
      <Parameters>
        <Parameter type="InParameter" dataType="System.String" index="0"/>
      </Parameters>
    </Sink>
    <Sink type="Managed">
      <NameSpace>System.Xml.XPath</NameSpace>
      <Class>XPathNavigator</Class>
      <Member type="Method" name="Select"/>
      <Parameters>
        <Parameter type="InParameter" dataType="System.String" index="0"/>
      </Parameters>
    </Sink>
    <Sink type="Managed">
      <NameSpace>System.Xml.XPath</NameSpace>
      <Class>XPathNavigator</Class>
      <Member type="Method" name="SelectSingleNode"/>
      <Parameters>
        <Parameter type="InParameter" dataType="System.String" index="0"/>
      </Parameters>
    </Sink>
    
    <!--untested sinks included for completeness -->    
    <Sink type="Managed">
      <NameSpace>System.Xml.Schema</NameSpace>
      <Class>XmlSchemaXPath</Class>
      <Member type="Method" name="set_XPath"/>
      <Parameters>
        <Parameter type="InParameter" dataType="System.String" index="0"/>
      </Parameters>
    </Sink>
    <Sink type="Managed">
      <NameSpace>System.Web.UI</NameSpace>
      <Class>TemplateControl</Class>
      <Member type="Method" name="XPathSelect"/>
      <Parameters>
        <Parameter type="InParameter" dataType="System.String" index="0"/>
      </Parameters>
    </Sink>
    <Sink type="Managed">
      <NameSpace>System.Web.UI</NameSpace>
      <Class>TemplateControl</Class>
      <Member type="Method" name="XPath"/>
      <Parameters>
        <Parameter type="InParameter" dataType="System.String" index="0"/>
      </Parameters>
    </Sink>
    <Sink type="Managed">
      <NameSpace>System.Web.UI</NameSpace>
      <Class>XPathBinder</Class>
      <Member type="Method" name="Eval"/>
      <Parameters>
        <Parameter type="InParameter" dataType="System.String" index="1"/>
      </Parameters>
    </Sink>
    <Sink type="Managed">
      <NameSpace>System.Web.UI</NameSpace>
      <Class>XPathBinder</Class>
      <Member type="Method" name="Select"/>
      <Parameters>
        <Parameter type="InParameter" dataType="System.String" index="1"/>
      </Parameters>
    </Sink>

  </Sinks>
  <Filters>
    <!-- Ignore data flow paths that have primitive return types -->
    <BuiltinFilter name="PrimitiveReturnTypes" description="Primitive Data Type">
      <Action>Ignore</Action>
    </BuiltinFilter>
  </Filters>
</DataFlowRule>
