<DataFlowRule version="1">
	<Info>
		<Identifier>ACESEC03</Identifier>
		<Name>File Canonicalization</Name>
		<Author>ACE Team</Author>
		<Email>apassure@microsoft.com</Email>
		<Description>This rule detects potential file canonicalization issues.</Description>
		<Problem>A file canonicalization vulnerability was found through
		a user controlled variable that enters the application at
		%SOURCEFILE%:%SOURCELINE% through the variable %SOURCEVAR% which
		eventually leads to a file canonicalization issue at
		%SINKFILE%:%SINKLINE%.</Problem>
		<Resolution>Sanitize the file path prior to passing it to file system routines.</Resolution>
	</Info>

	<!-- All data originating from user input... -->
	<Sources>
		<Source type="Group" name="UserInput"/>
	</Sources>

	<!-- ...where data arrives at routines that use file paths -->
	<Sinks>
		<!-- Ambiguous -->
		<Sink type="Managed">
			<NameSpace>System.IO</NameSpace>
			<Class>File</Class>
			<Member type="Method" name="Open"/>
			<Parameters>
				<Parameter type="InParameter" dataType="System.String" index="0"/>
			</Parameters>
		</Sink>

		<!-- Reading -->
		<Sink type="Managed">
			<NameSpace>System.IO</NameSpace>
			<Class>File</Class>
			<Member type="Method" name="OpenRead"/>
			<Parameters>
				<Parameter type="InParameter" dataType="System.String" index="0"/>
			</Parameters>
		</Sink>
		<Sink type="Managed">
			<NameSpace>System.IO</NameSpace>
			<Class>File</Class>
			<Member type="Method" name="OpenText"/>
			<Parameters>
				<Parameter type="InParameter" dataType="System.String" index="0"/>
			</Parameters>
		</Sink>
		<Sink type="Managed">
			<NameSpace>System.IO</NameSpace>
			<Class>File</Class>
			<Member type="Method" name="ReadAllBytes"/>
			<Parameters>
				<Parameter type="InParameter" dataType="System.String" index="0"/>
			</Parameters>
		</Sink>
		<Sink type="Managed">
			<NameSpace>System.IO</NameSpace>
			<Class>File</Class>
			<Member type="Method" name="ReadAllLines"/>
			<Parameters>
				<Parameter type="InParameter" dataType="System.String" index="0"/>
			</Parameters>
		</Sink>
		<Sink type="Managed">
			<NameSpace>System.IO</NameSpace>
			<Class>File</Class>
			<Member type="Method" name="ReadAllText"/>
			<Parameters>
				<Parameter type="InParameter" dataType="System.String" index="0"/>
			</Parameters>
		</Sink>

		<!-- Writing -->
		<Sink type="Managed">
			<NameSpace>System.IO</NameSpace>
			<Class>File</Class>
			<Member type="Method" name="OpenWrite"/>
			<Parameters>
				<Parameter type="InParameter" dataType="System.String" index="0"/>
			</Parameters>
		</Sink>
		<Sink type="Managed">
			<NameSpace>System.IO</NameSpace>
			<Class>File</Class>
			<Member type="Method" name="WriteAllBytes"/>
			<Parameters>
				<Parameter type="InParameter" dataType="System.String" index="0"/>
			</Parameters>
		</Sink>
		<Sink type="Managed">
			<NameSpace>System.IO</NameSpace>
			<Class>File</Class>
			<Member type="Method" name="WriteAllLines"/>
			<Parameters>
				<Parameter type="InParameter" dataType="System.String" index="0"/>
			</Parameters>
		</Sink>
		<Sink type="Managed">
			<NameSpace>System.IO</NameSpace>
			<Class>File</Class>
			<Member type="Method" name="WriteAllText"/>
			<Parameters>
				<Parameter type="InParameter" dataType="System.String" index="0"/>
			</Parameters>
		</Sink>
		<Sink type="Managed">
			<NameSpace>System.IO</NameSpace>
			<Class>File</Class>
			<Member type="Method" name="AppendAllText"/>
			<Parameters>
				<Parameter type="InParameter" dataType="System.String" index="0"/>
			</Parameters>
		</Sink>
		<Sink type="Managed">
			<NameSpace>System.IO</NameSpace>
			<Class>File</Class>
			<Member type="Method" name="AppendText"/>
			<Parameters>
				<Parameter type="InParameter" dataType="System.String" index="0"/>
			</Parameters>
		</Sink>

		<!-- Management -->
		<Sink type="Managed">
			<NameSpace>System.IO</NameSpace>
			<Class>File</Class>
			<Member type="Method" name="Copy"/>
			<Parameters>
				<Parameter type="InParameter" dataType="System.String" index="0"/>
				<Parameter type="InParameter" dataType="System.String" index="1"/>
			</Parameters>
		</Sink>
		<Sink type="Managed">
			<NameSpace>System.IO</NameSpace>
			<Class>File</Class>
			<Member type="Method" name="Create"/>
			<Parameters>
				<Parameter type="InParameter" dataType="System.String" index="0"/>
			</Parameters>
		</Sink>
		<Sink type="Managed">
			<NameSpace>System.IO</NameSpace>
			<Class>File</Class>
			<Member type="Method" name="Delete"/>
			<Parameters>
				<Parameter type="InParameter" dataType="System.String" index="0"/>
			</Parameters>
		</Sink>
		<Sink type="Managed">
			<NameSpace>System.IO</NameSpace>
			<Class>File</Class>
			<Member type="Method" name="Exists"/>
			<Parameters>
				<Parameter type="InParameter" dataType="System.String" index="0"/>
			</Parameters>
		</Sink>
		<Sink type="Managed">
			<NameSpace>System.IO</NameSpace>
			<Class>File</Class>
			<Member type="Method" name="Move"/>
			<Parameters>
				<Parameter type="InParameter" dataType="System.String" index="0"/>
				<Parameter type="InParameter" dataType="System.String" index="1"/>
			</Parameters>
		</Sink>

		<!-- FileInfo -->
		<Sink type="Managed">
			<NameSpace>System.IO</NameSpace>
			<Class>FileInfo</Class>
			<Member type="Method" name=".ctor"/>
			<Parameters>
				<Parameter type="InParameter" dataType="System.String" index="0"/>
			</Parameters>
		</Sink>
		<Sink type="Managed">
			<NameSpace>System.IO</NameSpace>
			<Class>FileInfo</Class>
			<Member type="Method" name="CopyTo"/>
			<Parameters>
				<Parameter type="InParameter" dataType="System.String" index="0"/>
			</Parameters>
		</Sink>
		<Sink type="Managed">
			<NameSpace>System.IO</NameSpace>
			<Class>FileInfo</Class>
			<Member type="Method" name="Replace"/>
			<Parameters>
				<Parameter type="InParameter" dataType="System.String" index="0"/>
			</Parameters>
		</Sink>

		<!-- Reflection -->
		<Sink type="Managed">
			<NameSpace>System.Reflection</NameSpace>
			<Class>Assembly</Class>
			<Member type="Method" name="LoadFile"/>
			<Parameters>
				<Parameter type="InParameter" dataType="System.String" index="0"/>
			</Parameters>
		</Sink>
		<Sink type="Managed">
			<NameSpace>System.Reflection</NameSpace>
			<Class>Assembly</Class>
			<Member type="Method" name="LoadFrom"/>
			<Parameters>
				<Parameter type="InParameter" dataType="System.String" index="0"/>
			</Parameters>
		</Sink>
	</Sinks>

	<Filters>
		<!-- Ignore data flow paths that have primitive return types -->
		<BuiltinFilter name="PrimitiveReturnTypes" description="Primitive Data Type">
			<Action>Ignore</Action>
		</BuiltinFilter>
	</Filters>
</DataFlowRule>
