<DataFlowRule version="1">
	<Info>
		<Identifier>ACESEC02</Identifier>
		<Name>Process Command Execution</Name>
		<Author>ACE Team</Author>
		<Email>apassure@microsoft.com</Email>
		<Description>This rule detects potential arbitrary command execution issues.</Description>
		<Problem>A potential command injection vulnerability was found through
		a user controlled varaible that enters the application at %SOURCEFILE%:%SOURCELINE% 
		through the variable %SOURCEVAR% which eventually leads to a command
		injection issue at %SINKFILE%:%SINKLINE%.</Problem>
		<Resolution>Sanitize the command string prior to executing it.</Resolution>
	</Info>

	<!-- All data originating from user input... -->
	<Sources>
		<Source type="Group" name="UserInput"/>
	</Sources>

	<!-- ...where data arrives at command execution routines -->
	<Sinks>
		<Sink type="Managed">
			<NameSpace>System.Diagnostics</NameSpace>
			<Class>Process</Class>
			<Member type="Method" name="Start"/>
			<Parameters>
				<Parameter type="InParameter" dataType="System.String" index="0"/>
				<Parameter type="InParameter" dataType="System.String" index="1"/>
			</Parameters>
		</Sink>
		<Sink type="Managed">
			<NameSpace>System.Diagnostics</NameSpace>
			<Class>ProcessStartInfo</Class>
			<Member type="Method" name="set_FileName"/>
			<Parameters>
				<Parameter type="InParameter" dataType="System.String" index="0"/>
			</Parameters>
		</Sink>
		<Sink type="Managed">
			<NameSpace>System.Diagnostics</NameSpace>
			<Class>ProcessStartInfo</Class>
			<Member type="Method" name="set_Arguments"/>
			<Parameters>
				<Parameter type="InParameter" dataType="System.String" index="0"/>
			</Parameters>
		</Sink>
	</Sinks>

	<Filters>
		<!-- Ignore data flow paths that have primitive return types -->
		<BuiltinFilter name="PrimitiveReturnTypes" description="Primitive Data Type">
			<Action>Ignore</Action>
		</BuiltinFilter>
	</Filters>
</DataFlowRule>
