﻿<?xml version="1.0" encoding="utf-8" ?>
<Rules FriendlyName="My Custom Rules">
  <Rule TypeName="CommandInjection" Category="CustomRules.Naming" CheckId="CR1000">
    <Name>Command Injection</Name>
    <Description>Untrusted data used to start a process.</Description>
    <Url></Url>
    <Resolution>Command Injection.</Resolution>
    <MessageLevel Certainty="95">Warning</MessageLevel>
    <FixCategories>Breaking</FixCategories>
    <Email />
    <Owner />
  </Rule>
  <Rule TypeName="WeakHash" Category="CustomRules.Naming" CheckId="CR1001">
    <Name>Use of Weak Hash Algorithm</Name>
    <Description>Identifies when weak Hashing algorithms are used.</Description>
    <Url></Url>
    <Resolution>Do not use the following algorithms for Hashing.</Resolution>
    <MessageLevel Certainty="95">Warning</MessageLevel>
    <FixCategories>Breaking</FixCategories>
    <Email />
    <Owner />
  </Rule>
  <Rule TypeName="Connectionclosed" Category="CustomRules.Naming" CheckId="CR1002">
    <Name>Closing the Sql connections in finally block</Name>
    <Description>Closing the sql connection</Description>
    <Url></Url>
    <Resolution>SQL connection need to be closed in Finally block</Resolution>
    <MessageLevel Certainty="95">Warning</MessageLevel>
    <FixCategories>Breaking</FixCategories>
    <Email />
    <Owner />
  </Rule>
  <Rule TypeName="WeakEncryption" Category="CustomRules.Naming" CheckId="CR1003">
    <Name>Use of Weak Encryption Algorithm</Name>
    <Description>Identifies when weak cryptographic or encryption algorithms are used.</Description>
    <Url></Url>
    <Resolution>Do not use the following algorithms for encryption.</Resolution>
    <MessageLevel Certainty="95">Warning</MessageLevel>
    <FixCategories>Breaking</FixCategories>
    <Email />
    <Owner />
  </Rule>
  <Rule TypeName="InsecureRandom" Category="CustomRules.Naming" CheckId="CR1004">
    <Name>Insecure Random Numbers Generated</Name>
    <Description>Identifies when a random number is generated using weak random number generators.</Description>
    <Url></Url>
    <Resolution>Use a secure pseudoRandom number generator to generate random numbers for sensitive information</Resolution>
    <MessageLevel Certainty="95">Warning</MessageLevel>
    <FixCategories>Breaking</FixCategories>
    <Email />
    <Owner />
  </Rule>
  <Rule TypeName="LdapInjection" Category="CustomRules.Naming" CheckId="CR1005">
    <Name>Ldap Injection</Name>
    <Description>Untrusted data passed to an Ldap Query.</Description>
    <Url></Url>
    <Resolution>Ldap Injection.</Resolution>
    <MessageLevel Certainty="95">Warning</MessageLevel>
    <FixCategories>Breaking</FixCategories>
    <Email />
    <Owner />
  </Rule>
  <Rule TypeName="SQLInjection" Category="CustomRules.Naming" CheckId="CR1006">
    <Name>SQL Injection</Name>
    <Description>Attacker controlled data can manipulate a SQL query from SQL Data Adapter.</Description>
    <Url></Url>
    <Resolution>Use parameterized queries and Stored procedures for executing SQL queries.</Resolution>
    <MessageLevel Certainty="95">Warning</MessageLevel>
    <FixCategories>Breaking</FixCategories>
    <Email />
    <Owner />
  </Rule>
  <Rule TypeName="WeakInputValidation" Category="CustomRules.Naming" CheckId="CR1007">
    <Name>Weak Input Validation</Name>
    <Description>Data from User request used without proper validation.</Description>
    <Url></Url>
    <Resolution>Validate the user inputs before using in the application.</Resolution>
    <MessageLevel Certainty="95">Warning</MessageLevel>
    <FixCategories>Breaking</FixCategories>
    <Email />
    <Owner />
  </Rule>
  <Rule TypeName="XpathInjection" Category="CustomRules.Naming" CheckId="CR1008">
    <Name>Xpath Injection</Name>
    <Description>Untrusted data passed to an Xpath Query.</Description>
    <Url></Url>
    <Resolution>Xpath Injection.</Resolution>
    <MessageLevel Certainty="95">Warning</MessageLevel>
    <FixCategories>Breaking</FixCategories>
    <Email />
    <Owner />
  </Rule>
  <Rule TypeName="InsufficientKeySize" Category="CustomRules.Naming" CheckId="CR1009">
    <Name>InsufficientKeySize</Name>
    <Description>The key used for encryption has inappropriate lenght.</Description>
    <Url></Url>
    <Resolution>The minimum key size should be 128 bits.</Resolution>
    <MessageLevel Certainty="75">Warning</MessageLevel>
    <FixCategories>Breaking</FixCategories>
    <Email />
    <Owner />
  </Rule>
  <Rule TypeName="CookiePathDomain" Category="CustomRules.Naming" CheckId="CR1010">
    <Name>Broadly Scoped path and Domain</Name>
    <Description>same cookie is used for different applications hosted on a domain</Description>
    <Url></Url>
    <Resolution>Cookie path should be application specific and should not be too broad. Domain of the cookie should be properly defined.</Resolution>
    <MessageLevel Certainty="75">Warning</MessageLevel>
    <FixCategories>Breaking</FixCategories>
    <Email />
    <Owner />
  </Rule>
  <Rule TypeName="CredentialsInCode" Category="CustomRules.Naming" CheckId="CR1011">
    <Name>Hardcoded Credentials</Name>
    <Description>Username and Password Mentioned in Cleartext in Source Code</Description>
    <Url></Url>
    <Resolution>Credentials should be stored in databse or a separate properties file</Resolution>
    <MessageLevel Certainty="75">Warning</MessageLevel>
    <FixCategories>Breaking</FixCategories>
    <Email />
    <Owner />
  </Rule>
  <Rule TypeName="LogInjection" Category="CustomRules.Naming" CheckId="CR1012">
    <Name>Logging Unvalidated Data</Name>
    <Description>Unvalidated data from untrusted source is stored in the log files</Description>
    <Url></Url>
    <Resolution>Do not store untrusted data in logs</Resolution>
    <MessageLevel Certainty="75">Warning</MessageLevel>
    <FixCategories>Breaking</FixCategories>
    <Email />
    <Owner />
  </Rule>
  <Rule TypeName="OpenRedirect" Category="CustomRules.Naming" CheckId="CR1013">
    <Name>Insecure Redirectioin</Name>
    <Description>Untrusted data used to form links to be redirected to</Description>
    <Url></Url>
    <Resolution>Any URL should not contain user input data, if it does, the data should be properly validated against security checks and payloads</Resolution>
    <MessageLevel Certainty="95">Warning</MessageLevel>
    <FixCategories>Breaking</FixCategories>
    <Email />
    <Owner />
  </Rule>
  <Rule TypeName="PathTraversal" Category="CustomRules.Naming" CheckId="CR1014">
    <Name>PathTraversal</Name>
    <Description>User data in URL being processed by</Description>
    <Url></Url>
    <Resolution>PathTraversal</Resolution>
    <MessageLevel Certainty="75">Warning</MessageLevel>
    <FixCategories>Breaking</FixCategories>
    <Email />
    <Owner />
  </Rule>
  <Rule TypeName="SecureNotSet" Category="CustomRules.Naming" CheckId="CR1015">
    <Name>SecureNotSet</Name>
    <Description>Secure Attribute of Cookie not set.</Description>
    <Url></Url>
    <Resolution>The cookie's secure attribute should be set to true in order to make HTTPS connection mandatory for sending cookies.</Resolution>
    <MessageLevel Certainty="75">Warning</MessageLevel>
    <FixCategories>Breaking</FixCategories>
    <Email />
    <Owner />
  </Rule>
  <Rule TypeName="StackTrace" Category="CustomRules.Naming" CheckId="CR1016">
    <Name>StackTrace</Name>
    <Description>Error Messages displayed in view.</Description>
    <Url></Url>
    <Resolution>Stack trace should not be provided to any stream writer linked to response or request.</Resolution>
    <MessageLevel Certainty="75">Warning</MessageLevel>
    <FixCategories>Breaking</FixCategories>
    <Email />
    <Owner />
  </Rule>
  <Rule TypeName="JSONInjection" Category="CustomRules.Naming" CheckId="CR1017">
    <Name>JSONInjection</Name>
    <Description>JSONInjection</Description>
    <Url></Url>
    <Resolution>JSONInjection</Resolution>
    <MessageLevel Certainty="75">Warning</MessageLevel>
    <FixCategories>Breaking</FixCategories>
    <Email />
    <Owner />
  </Rule>
  <Rule TypeName="HttpResponseSplitting" Category="CustomRules.Naming" CheckId="CR1018">
    <Name>HttpResponseSplitting</Name>
    <Description>User Input is a part of Http Response Header</Description>
    <Url></Url>
    <Resolution>Do not use user data for forming headers.</Resolution>
    <MessageLevel Certainty="75">Warning</MessageLevel>
    <FixCategories>Breaking</FixCategories>
    <Email />
    <Owner />
  </Rule>
  <Rule TypeName="AuthByHostname" Category="CustomRules.Naming" CheckId="CR1019">
    <Name>AuthByHostname</Name>
    <Description>Authetication By Hostname only</Description>
    <Url></Url>
    <Resolution>Remove this featture and make password based authentication mandatory.</Resolution>
    <MessageLevel Certainty="75">Warning</MessageLevel>
    <FixCategories>Breaking</FixCategories>
    <Email />
    <Owner />
  </Rule>
</Rules>