<DataFlowRule version="1">
	<Info>
		<Identifier>ACESEC04</Identifier>
		<Name>Exception Information</Name>
		<Author>ACE Team</Author>
		<Email>apassure@microsoft.com</Email>
		<Description>This rule detects information disclosure through unsafe exception handling.</Description>
		<Problem>An information disclosure vulnerability was found through
		a exception information that enters the application at
		%SOURCEFILE%:%SOURCELINE% through the variable %SOURCEVAR% which
		eventually leads to the disclosure of exception information at
		%SINKFILE%:%SINKLINE%.</Problem>
		<Resolution>Do not provide the user with specific exception information</Resolution>
	</Info>

	<!-- All data originating from specific exception methods... -->
	<Sources>
		<!-- System.Exception.ToString() -->
		<Source type="Managed" vector="Exception">
			<NameSpace>System</NameSpace>
			<Class>Exception</Class>
			<Member type="Method" name="ToString"/>
			<Parameters>
				<Parameter type="ReturnValue" dataType="System.String"/>
			</Parameters>
		</Source>

		<!-- System.Exception.StackTrace -->
		<Source type="Managed" vector="Exception">
			<NameSpace>System</NameSpace>
			<Class>Exception</Class>
			<Member type="Method" name="get_StackTrace"/>
			<Parameters>
				<Parameter type="ReturnValue" dataType="System.String"/>
			</Parameters>
		</Source>
		<!--  System.Exception.Message -->
		<Source type="Managed" vector="Exception">
			<NameSpace>System</NameSpace>
			<Class>Exception</Class>
			<Member type="Method" name="get_Message" />
			<Parameters>
				<Parameter type="ReturnValue" dataType="System.String" />
			</Parameters>
		</Source>
	</Sources>

	<!-- ...where data arrives at locations that might be visible to a user -->
	<Sinks>
		<Sink type="Group" name="WebResponse"/>
	</Sinks>

	<Filters>
		<!-- Ignore data flow paths that have primitive return types -->
		<BuiltinFilter name="PrimitiveReturnTypes" description="Primitive Data Type">
			<Action>Ignore</Action>
		</BuiltinFilter>
	</Filters>
</DataFlowRule>
