<?xml version="1.0"?>
<EncodingSet>
  <!-- This file defines the different types of encoding algorithms that can be
        associated with sinks to convey how they should be encoded. -->
  <Encodings>
    <Encoding name="HTML" description="HTML encoded output">
      <Encoders>
        <Encoder type="Microsoft.Security.Application.AntiXss" method="GetNormalizedHtml"/>
        <Encoder type="Microsoft.Security.Application.AntiXss" method="GetSafeHtml"/>
        <Encoder type="Microsoft.Security.Application.AntiXss" method="GetSafeHtmlFragment"/>
        <Encoder type="Microsoft.Security.Application.AntiXss" method="HtmlAttributeEncode"/>
        <Encoder type="Microsoft.Security.Application.AntiXss" method="HtmlEncode"/>
        <Encoder type="Microsoft.Security.Application.AntiXss" method="UrlEncode"/>
        <Encoder type="Microsoft.Security.Application.AntiXss" method="XmlAttributeEncode"/>
        <Encoder type="Microsoft.Security.Application.AntiXss" method="XmlEncode"/>
        <Encoder type="System.Web.HttpUtility" method="HtmlAttributeEncode"/>
        <Encoder type="System.Web.HttpUtility" method="HtmlEncode"/>
        <Encoder type="System.Web.HttpUtility" method="UrlEncode"/>
        <Encoder type="System.Web.HttpUtility" method="UrlPathEncode"/>
        <Encoder type="System.Web.HttpServerUtility" method="HtmlEncode"/>
        <Encoder type="System.Web.HttpServerUtility" method="UrlEncode"/>
        <Encoder type="System.Web.HttpServerUtility" method="UrlPathEncode"/>
        <Encoder type="Microsoft.ACESec.IOSec" method="AsUrl"/>
        <Encoder type="Microsoft.ACESec.IOSec" method="EncodeHtml"/>
        <Encoder type="Microsoft.ACESec.IOSec" method="EncodeXml"/>
        <Encoder type="Microsoft.ACESec.IOSec" method="EncodeXmlAttribute"/>
      </Encoders>
      <Decoders>
        <Decoder type="System.Web.HttpUtility" method="HtmlDecode"/>
        <Decoder type="System.Web.HttpUtility" method="UrlDecode"/>
        <Decoder type="System.Web.HttpServerUtility" method="HtmlDecode"/>
        <Decoder type="System.Web.HttpServerUtility" method="UrlDecode"/>
        <Decoder type="Microsoft.ACESec.IOSec" method="DecodeHtml"/>
      </Decoders>
    </Encoding>
    <Encoding name="Javascript" description="JS encoded output">
    </Encoding>
  </Encodings>
</EncodingSet>

