<!-- This sink group contains sinks that are specific to web responses -->
<SinkGroup>
	<!-- The sinks themselves. -->
	<Sinks>
		<!-- Response.Write -->
		<Sink type="Managed">
			<NameSpace>System.Web</NameSpace>
			<Class>HttpResponse</Class>
			<Member type="Method" name="Write"/>
			<Parameters>
				<Parameter type="InParameter" dataType="System.String" index="0"/>
			</Parameters>
		</Sink>
		<!-- ResponseBase.Write -->
		<Sink type="Managed">
			<NameSpace>System.Web</NameSpace>
			<Class>HttpResponseBase</Class>
			<Member type="Method" name="Write"/>
			<Parameters>
				<Parameter type="InParameter" dataType="System.String" index="0"/>
			</Parameters>
		</Sink>
		<!-- Response.Redirect -->
		<Sink type="Managed">
			<NameSpace>System.Web</NameSpace>
			<Class>HttpResponse</Class>
			<Member type="Method" name="Redirect"/>
			<Parameters>
				<Parameter type="InParameter" dataType="System.String" index="0"/>
			</Parameters>
		</Sink>
		<!-- ServerUtility.Transfer -->
		<Sink type="Managed">
			<NameSpace>System.Web</NameSpace>
			<Class>HttpServerUtility</Class>
			<Member type="Method" name="Transfer"/>
			<Parameters>
				<Parameter type="InParameter" dataType="System.String" index="0"/>
			</Parameters>
		</Sink>
		<!-- HtmlTextWriter.Write -->
		<Sink type="Managed">
			<NameSpace>System.IO</NameSpace>
			<Class>TextWriter</Class>
			<Member type="Method" name="Write"/>
			<Parameters>
				<Parameter type="InParameter" dataType="System.String" index="0"/>
			</Parameters>
		</Sink>
		<!-- Label.set_Text -->
		<Sink type="Managed">
			<NameSpace>System.Web.UI.WebControls</NameSpace>
			<Class>Label</Class>
			<Member type="Method" name="set_Text"/>
			<Parameters>
				<Parameter type="InParameter" dataType="System.String" index="0"/>
			</Parameters>
		</Sink>
		<!-- TextBox.set_Text -->
		<Sink type="Managed" defaultEncoding="HTML">
			<NameSpace>System.Web.UI.WebControls</NameSpace>
			<Class>TextBox</Class>
			<Member type="Method" name="set_Text"/>
			<Parameters>
				<Parameter type="InParameter" dataType="System.String" index="0"/>
			</Parameters>
		</Sink>
		<!-- HyperLink.set_Text -->
		<Sink type="Managed">
			<NameSpace>System.Web.UI.WebControls</NameSpace>
			<Class>HyperLink</Class>
			<Member type="Method" name="set_Text"/>
			<Parameters>
				<Parameter type="InParameter" dataType="System.String" index="0"/>
			</Parameters>
		</Sink>
		<!-- AttributeCollection.Add -->
		<Sink type="Managed">
			<NameSpace>System.Web.UI</NameSpace>
			<Class>AttributeCollection</Class>
			<Member type="Method" name="Add"/>
			<Parameters>
				<Parameter type="InParameter" dataType="System.String" index="1"/>
			</Parameters>
		</Sink>
		<!-- AttributeCollection.set_Item -->
		<Sink type="Managed">
			<NameSpace>System.Web.UI</NameSpace>
			<Class>AttributeCollection</Class>
			<Member type="Method" name="set_Item"/>
			<Parameters>
				<Parameter type="InParameter" dataType="System.String" index="1"/>
			</Parameters>
		</Sink>
		<!-- Image.set_ImageUrl -->
		<Sink type="Managed" defaultEncoding="HTML">
			<NameSpace>System.Web.UI.WebControls</NameSpace>
			<Class>Image</Class>
			<Member type="Method" name="set_ImageUrl"/>
			<Parameters>
				<Parameter type="InParameter" dataType="System.String" index="0"/>
			</Parameters>
		</Sink>
		<!--  HyperLink.set_NavigateUrl -->
		<Sink type="Managed" defaultEncoding="HTML">
			<NameSpace>System.Web.UI.WebControls</NameSpace>
			<Class>HyperLink</Class>
			<Member type="Method" name="set_NavigateUrl"/>
			<Parameters>
				<Parameter type="InParameter" dataType="System.String" index="0"/>
			</Parameters>
		</Sink>
		<!-- HtmlInputControl.set_Value -->
		<Sink type="Managed" defaultEncoding="HTML">
			<NameSpace>System.Web.UI.HtmlControls</NameSpace>
			<Class>HtmlInputControl</Class>
			<Member type="Method" name="set_Value"/>
			<Parameters>
				<Parameter type="InParameter" dataType="System.String" index="0"/>
			</Parameters>
		</Sink>
		<!-- HtmlContainerControl.set_InnerHtml -->
		<Sink type="Managed">
			<NameSpace>System.Web.UI.HtmlControls</NameSpace>
			<Class>HtmlContainerControl</Class>
			<Member type="Method" name="set_InnerHtml"/>
			<Parameters>
				<Parameter type="InParameter" dataType="System.String" index="0"/>
			</Parameters>
		</Sink>
		<!-- HtmlContainerControl.set_InnerText -->
		<Sink type="Managed" defaultEncoding="HTML">
			<NameSpace>System.Web.UI.HtmlControls</NameSpace>
			<Class>HtmlContainerControl</Class>
			<Member type="Method" name="set_InnerText"/>
			<Parameters>
				<Parameter type="InParameter" dataType="System.String" index="0"/>
			</Parameters>
		</Sink>
		<!-- ClientScriptManager.RegisterStartupScript -->
		<Sink type="Managed">
			<NameSpace>System.Web.UI</NameSpace>
			<Class>ClientScriptManager</Class>
			<Member type="Method" name="RegisterStartupScript"/>
			<Parameters>
				<Parameter type="InParameter" dataType="System.String" index="2"/>
			</Parameters>
		</Sink>
		<!-- ClientScriptManager.RegisterClientScriptResource -->
		<Sink type="Managed">
			<NameSpace>System.Web.UI</NameSpace>
			<Class>ClientScriptManager</Class>
			<Member type="Method" name="RegisterClientScriptResource"/>
			<Parameters>
				<Parameter type="InParameter" dataType="System.String" index="2"/>
			</Parameters>
		</Sink>
		<!-- ClientScriptManager.RegisterClientScriptBlock -->
		<Sink type="Managed">
			<NameSpace>System.Web.UI</NameSpace>
			<Class>ClientScriptManager</Class>
			<Member type="Method" name="RegisterClientScriptBlock"/>
			<Parameters>
				<Parameter type="InParameter" dataType="System.String" index="2"/>
			</Parameters>
		</Sink>
		<!-- ClientScriptManager.RegisterOnSubmitStatement -->
		<Sink type="Managed">
			<NameSpace>System.Web.UI</NameSpace>
			<Class>ClientScriptManager</Class>
			<Member type="Method" name="RegisterOnSubmitStatement"/>
			<Parameters>
				<Parameter type="InParameter" dataType="System.String" index="2"/>
			</Parameters>
		</Sink>
		<!-- ClientScriptManager.RegisterClientScriptInclude -->
		<Sink type="Managed">
			<NameSpace>System.Web.UI</NameSpace>
			<Class>ClientScriptManager</Class>
			<Member type="Method" name="RegisterClientScriptInclude"/>
			<Parameters>
				<Parameter type="InParameter" dataType="System.String" index="2"/>
			</Parameters>
		</Sink>
		<!-- ScriptManager.RegisterClientScriptInclude -->
		<Sink type="Managed">
			<NameSpace>System.Web.UI</NameSpace>
			<Class>ScriptManager</Class>
			<Member type="Method" name="RegisterClientScriptInclude"/>
			<Parameters>
				<Parameter type="InParameter" dataType="System.String" index="2"/>
			</Parameters>
		</Sink>
		<!-- ScriptManager.RegisterStartupScript -->
		<Sink type="Managed">
			<NameSpace>System.Web.UI</NameSpace>
			<Class>ScriptManager</Class>
			<Member type="Method" name="RegisterStartupScript"/>
			<Parameters>
				<Parameter type="InParameter" dataType="System.String" index="2"/>
			</Parameters>
		</Sink>
		<!-- ScriptManager.RegisterClientScriptBlock -->
		<Sink type="Managed">
			<NameSpace>System.Web.UI</NameSpace>
			<Class>ScriptManager</Class>
			<Member type="Method" name="RegisterClientScriptBlock"/>
			<Parameters>
				<Parameter type="InParameter" dataType="System.String" index="2"/>
			</Parameters>
		</Sink>
		<!-- ScriptManager.RegisterOnSubmitStatement -->
		<Sink type="Managed">
			<NameSpace>System.Web.UI</NameSpace>
			<Class>ScriptManager</Class>
			<Member type="Method" name="RegisterOnSubmitStatement"/>
			<Parameters>
				<Parameter type="InParameter" dataType="System.String" index="2"/>
			</Parameters>
		</Sink>
		<!-- ScriptManager.RegisterClientScriptResource -->
		<Sink type="Managed">
			<NameSpace>System.Web.UI</NameSpace>
			<Class>ScriptManager</Class>
			<Member type="Method" name="RegisterClientScriptResource"/>
			<Parameters>
				<Parameter type="InParameter" dataType="System.String" index="2"/>
			</Parameters>
		</Sink>
		<!-- Page.RegisterStartupScript -->
		<Sink type="Managed">
			<NameSpace>System.Web.UI</NameSpace>
			<Class>Page</Class>
			<Member type="Method" name="RegisterStartupScript"/>
			<Parameters>
				<Parameter type="InParameter" dataType="System.String" index="1"/>
			</Parameters>
		</Sink>
		<!-- Page.RegisterClientScriptBlock -->
		<Sink type="Managed">
			<NameSpace>System.Web.UI</NameSpace>
			<Class>Page</Class>
			<Member type="Method" name="RegisterClientScriptBlock"/>
			<Parameters>
				<Parameter type="InParameter" dataType="System.String" index="1"/>
			</Parameters>
		</Sink>
		<!-- Page.RegisterOnSubmitStatement -->
		<Sink type="Managed">
			<NameSpace>System.Web.UI</NameSpace>
			<Class>Page</Class>
			<Member type="Method" name="RegisterOnSubmitStatement"/>
			<Parameters>
				<Parameter type="InParameter" dataType="System.String" index="1"/>
			</Parameters>
		</Sink>
		<!-- TableCell.Text -->
		<Sink type="Managed">
			<NameSpace>System.Web.UI.WebControls</NameSpace>
			<Class>TableCell</Class>
			<Member type="Method" name="set_Text"/>
			<Parameters>
				<Parameter type="InParameter" dataType="System.String" index="0"/>
			</Parameters>
		</Sink>
		<!-- LinkButton.Text -->
		<Sink type="Managed">
			<NameSpace>System.Web.UI.WebControls</NameSpace>
			<Class>LinkButton</Class>
			<Member type="Method" name="set_Text"/>
			<Parameters>
				<Parameter type="InParameter" dataType="System.String" index="0"/>
			</Parameters>
		</Sink>
		<!-- Literal.Text -->
		<Sink type="Managed">
			<NameSpace>System.Web.UI.WebControls</NameSpace>
			<Class>Literal</Class>
			<Member type="Method" name="set_Text"/>
			<Parameters>
				<Parameter type="InParameter" dataType="System.String" index="0"/>
			</Parameters>
		</Sink>
		<!-- CheckBox.Text -->
		<Sink type="Managed">
			<NameSpace>System.Web.UI.WebControls</NameSpace>
			<Class>CheckBox</Class>
			<Member type="Method" name="set_Text"/>
			<Parameters>
				<Parameter type="InParameter" dataType="System.String" index="0"/>
			</Parameters>
		</Sink>
		<!-- Control.ID -->
		<Sink type="Managed">
			<NameSpace>System.Web.UI</NameSpace>
			<Class>Control</Class>
			<Member type="Method" name="set_ID"/>
			<Parameters>
				<Parameter type="InParameter" dataType="System.String" index="0"/>
			</Parameters>
		</Sink>
		<!-- RadioButton.GroupName -->
		<Sink type="Managed">
			<NameSpace>System.Web.UI.WebControls</NameSpace>
			<Class>RadioButton</Class>
			<Member type="Method" name="set_GroupName"/>
			<Parameters>
				<Parameter type="InParameter" dataType="System.String" index="0"/>
			</Parameters>
		</Sink>
		<!-- Calendar.Caption -->
		<Sink type="Managed">
			<NameSpace>System.Web.UI.WebControls</NameSpace>
			<Class>Calendar</Class>
			<Member type="Method" name="set_Caption"/>
			<Parameters>
				<Parameter type="InParameter" dataType="System.String" index="0"/>
			</Parameters>
		</Sink>
		<!-- Table.Caption -->
		<Sink type="Managed">
			<NameSpace>System.Web.UI.WebControls</NameSpace>
			<Class>Table</Class>
			<Member type="Method" name="set_Caption"/>
			<Parameters>
				<Parameter type="InParameter" dataType="System.String" index="0"/>
			</Parameters>
		</Sink>
		<!-- Panel.GroupingText -->
		<Sink type="Managed">
			<NameSpace>System.Web.UI.WebControls</NameSpace>
			<Class>Panel</Class>
			<Member type="Method" name="set_GroupingText"/>
			<Parameters>
				<Parameter type="InParameter" dataType="System.String" index="0"/>
			</Parameters>
		</Sink>
	</Sinks>
</SinkGroup>
