<SourceGroup>
	<Sources>
		<!-- Argv -->
		<Source type="Managed" vector="CommandLine">
			<NameSpace>Application</NameSpace>
			<Class>Program</Class>
			<Member type="Method" name="EntryPoint"/>
			<Parameters>
				<Parameter type="InParameter" dataType="System.String[]" index="0"/>
			</Parameters>
		</Source>

    <!-- Web services -->
    <Source type="Managed" vector="WebServiceMethod">
      <NameSpace>Application</NameSpace>
      <Class>Program</Class>
      <Member type="Method" name="EntryPoint"/>
      <Parameters>
        <Parameter type="InParameter" dataType="System.String[]" index="0"/>
      </Parameters>
	</Source>
	<Source type="Managed" vector="WebServiceReturnValue">
      <NameSpace>Application</NameSpace>
      <Class>Program</Class>
      <Member type="Method" name="EntryPoint"/>
      <Parameters>
        <Parameter type="ReturnValue" dataType="System.Object[]" index="0"/>
      </Parameters>
    </Source>


    <!-- Request.BinaryRead -->
		<Source type="Managed" vector="WebRequest">
			<NameSpace>System.Web</NameSpace>
			<Class>HttpRequest</Class>
			<Member type="Method" name="BinaryRead"/>
			<Parameters>
				<Parameter type="ReturnValue" dataType="System.String" index="0"/>
			</Parameters>
		</Source>
		<!-- Request["foo"] -->
		<Source type="Managed" vector="WebRequest">
			<NameSpace>System.Web</NameSpace>
			<Class>HttpRequest</Class>
			<Member type="Method" name="get_Item"/>
			<Parameters>
				<Parameter type="ReturnValue" dataType="System.String" index="0"/>
			</Parameters>
		</Source>
		<!-- Request.Item["foo"] -->
		<Source type="Managed" vector="WebRequest">
			<NameSpace>System.Web</NameSpace>
			<Class>HttpRequest</Class>
			<Member type="Method" name="Item"/>
			<Parameters>
				<Parameter type="ReturnValue" dataType="System.String" index="0"/>
			</Parameters>
		</Source>
		<!-- Request.QueryString["foo"] -->
		<Source type="Managed" vector="WebRequest">
			<NameSpace>System.Web</NameSpace>
			<Class>HttpRequest</Class>
			<Member type="Method" name="get_QueryString"/>
			<Parameters>
				<Parameter type="ReturnValue" dataType="System.String" index="0"/>
			</Parameters>
		</Source>
		<!-- Request.QueryString["foo"] -->
		<Source type="Managed" vector="WebRequest">
			<NameSpace>System.Web</NameSpace>
			<Class>HttpRequest</Class>
			<Member type="Method" name="QueryString"/>
			<Parameters>
				<Parameter type="ReturnValue" dataType="System.String" index="0"/>
			</Parameters>
		</Source>
		<!-- Request.Params["foo"] -->
		<Source type="Managed" vector="WebRequest">
			<NameSpace>System.Web</NameSpace>
			<Class>HttpRequest</Class>
			<Member type="Method" name="get_Params"/>
			<Parameters>
				<Parameter type="ReturnValue" dataType="System.String" index="0"/>
			</Parameters>
		</Source>
		<!-- Request.Params["foo"] -->
		<Source type="Managed" vector="WebRequest">
			<NameSpace>System.Web</NameSpace>
			<Class>HttpRequest</Class>
			<Member type="Method" name="Params"/>
			<Parameters>
				<Parameter type="ReturnValue" dataType="System.String" index="0"/>
			</Parameters>
		</Source>
		<!-- Request.Form["foo"] -->
		<Source type="Managed" vector="WebRequest">
			<NameSpace>System.Web</NameSpace>
			<Class>HttpRequest</Class>
			<Member type="Method" name="get_Form"/>
			<Parameters>
				<Parameter type="ReturnValue" dataType="System.String" index="0"/>
			</Parameters>
		</Source>
		<!-- Request.Form["foo"] -->
		<Source type="Managed" vector="WebRequest">
			<NameSpace>System.Web</NameSpace>
			<Class>HttpRequest</Class>
			<Member type="Method" name="Form"/>
			<Parameters>
				<Parameter type="ReturnValue" dataType="System.String" index="0"/>
			</Parameters>
		</Source>
		<!-- Request.Cookies["foo"] -->
		<Source type="Managed" vector="WebRequest">
			<NameSpace>System.Web</NameSpace>
			<Class>HttpRequest</Class>
			<Member type="Method" name="get_Cookies"/>
			<Parameters>
				<Parameter type="ReturnValue" dataType="System.String" index="0"/>
			</Parameters>
		</Source>
		<!-- Request.Cookies["foo"] -->
		<Source type="Managed" vector="WebRequest">
			<NameSpace>System.Web</NameSpace>
			<Class>HttpRequest</Class>
			<Member type="Method" name="Cookies"/>
			<Parameters>
				<Parameter type="ReturnValue" dataType="System.String" index="0"/>
			</Parameters>
		</Source>
		<!-- Request.UserLanguages[0] -->
		<Source type="Managed" vector="WebRequest">
			<NameSpace>System.Web</NameSpace>
			<Class>HttpRequest</Class>
			<Member type="Method" name="get_UserLanguages"/>
			<Parameters>
				<Parameter type="ReturnValue" dataType="System.String" index="0"/>
			</Parameters>
		</Source>
		<!-- Request.UserLanguages[0] -->
		<Source type="Managed" vector="WebRequest">
			<NameSpace>System.Web</NameSpace>
			<Class>HttpRequest</Class>
			<Member type="Method" name="UserLanguages"/>
			<Parameters>
				<Parameter type="ReturnValue" dataType="System.String" index="0"/>
			</Parameters>
		</Source>
    <!-- Request.Headers["foo"] -->
    <Source type="Managed" vector="WebRequest">
      <NameSpace>System.Web</NameSpace>
      <Class>HttpRequest</Class>
      <Member type="Method" name="get_Headers"/>
      <Parameters>
        <Parameter type="ReturnValue" dataType="System.String" index="0"/>
      </Parameters>
    </Source>
	<!-- Request.Headers["foo"] -->
    <Source type="Managed" vector="WebRequest">
      <NameSpace>System.Web</NameSpace>
      <Class>HttpRequest</Class>
      <Member type="Method" name="Headers"/>
      <Parameters>
        <Parameter type="ReturnValue" dataType="System.String" index="0"/>
      </Parameters>
    </Source>
		<!-- Request.Url -->
		<Source type="Managed" vector="WebRequest">
			<NameSpace>System.Web</NameSpace>
			<Class>HttpRequest</Class>
			<Member type="Method" name="get_Url"/>
			<Parameters>
				<Parameter type="ReturnValue" dataType="System.String" index="0"/>
			</Parameters>
		</Source>
		<!-- Request.Url -->
		<Source type="Managed" vector="WebRequest">
			<NameSpace>System.Web</NameSpace>
			<Class>HttpRequest</Class>
			<Member type="Method" name="Url"/>
			<Parameters>
				<Parameter type="ReturnValue" dataType="System.String" index="0"/>
			</Parameters>
		</Source>
		<!-- Request.RawUrl -->
		<Source type="Managed" vector="WebRequest">
			<NameSpace>System.Web</NameSpace>
			<Class>HttpRequest</Class>
			<Member type="Method" name="get_RawUrl"/>
			<Parameters>
				<Parameter type="ReturnValue" dataType="System.String" index="0"/>
			</Parameters>
		</Source>
		<!-- Request.RawUrl -->
		<Source type="Managed" vector="WebRequest">
			<NameSpace>System.Web</NameSpace>
			<Class>HttpRequest</Class>
			<Member type="Method" name="RawUrl"/>
			<Parameters>
				<Parameter type="ReturnValue" dataType="System.String" index="0"/>
			</Parameters>
		</Source>
		<!-- Request.ServerVariables -->
		<Source type="Managed" vector="WebRequest">
			<NameSpace>System.Web</NameSpace>
			<Class>HttpRequest</Class>
			<Member type="Method" name="get_ServerVariables"/>
			<Parameters>
				<Parameter type="ReturnValue" dataType="System.String" index="0"/>
			</Parameters>
		</Source>
		<!-- Request.ServerVariables -->
		<Source type="Managed" vector="WebRequest">
			<NameSpace>System.Web</NameSpace>
			<Class>HttpRequest</Class>
			<Member type="Method" name="ServerVariables"/>
			<Parameters>
				<Parameter type="ReturnValue" dataType="System.String" index="0"/>
			</Parameters>
		</Source>
		<!-- Request.UserAgent -->
		<Source type="Managed" vector="WebRequest">
			<NameSpace>System.Web</NameSpace>
			<Class>HttpRequest</Class>
			<Member type="Method" name="get_UserAgent"/>
			<Parameters>
				<Parameter type="ReturnValue" dataType="System.String" index="0"/>
			</Parameters>
		</Source>
		<!-- Request.UserAgent -->
		<Source type="Managed" vector="WebRequest">
			<NameSpace>System.Web</NameSpace>
			<Class>HttpRequest</Class>
			<Member type="Method" name="UserAgent"/>
			<Parameters>
				<Parameter type="ReturnValue" dataType="System.String" index="0"/>
			</Parameters>
		</Source>
		<!-- CommandEventArgs.CommandArgument -->
		<Source type="Managed" vector="WebRequest">
			<NameSpace>System.Web.UI.WebControls</NameSpace>
			<Class>CommandEventArgs</Class>
			<Member type="Method" name="get_CommandArgument"/>
			<Parameters>
				<Parameter type="ReturnValue" dataType="object" index="0"/>
			</Parameters>
		</Source>
		<!-- CommandEventArgs.CommandArgument -->
		<Source type="Managed" vector="WebRequest">
			<NameSpace>System.Web.UI.WebControls</NameSpace>
			<Class>CommandEventArgs</Class>
			<Member type="Method" name="CommandArgument"/>
			<Parameters>
				<Parameter type="ReturnValue" dataType="object" index="0"/>
			</Parameters>
		</Source>
		<!-- ListControl.SelectedValue -->
		<Source type="Managed" vector="WebRequest">
			<NameSpace>System.Web.UI.WebControls</NameSpace>
			<Class>ListControl</Class>
			<Member type="Method" name="get_SelectedValue"/>
			<Parameters>
				<Parameter type="ReturnValue" dataType="System.String" index="0"/>
			</Parameters>
		</Source>
		<!-- ListControl.SelectedValue -->
		<Source type="Managed" vector="WebRequest">
			<NameSpace>System.Web.UI.WebControls</NameSpace>
			<Class>ListControl</Class>
			<Member type="Method" name="SelectedValue"/>
			<Parameters>
				<Parameter type="ReturnValue" dataType="System.String" index="0"/>
			</Parameters>
		</Source>
		<!-- ListItem.Value -->
		<Source type="Managed" vector="WebRequest">
			<NameSpace>System.Web.UI.WebControls</NameSpace>
			<Class>ListItem</Class>
			<Member type="Method" name="get_Value"/>
			<Parameters>
				<Parameter type="ReturnValue" dataType="System.String" index="0"/>
			</Parameters>
		</Source>
		<!-- ListItem.Value -->
		<Source type="Managed" vector="WebRequest">
			<NameSpace>System.Web.UI.WebControls</NameSpace>
			<Class>ListItem</Class>
			<Member type="Method" name="Value"/>
			<Parameters>
				<Parameter type="ReturnValue" dataType="System.String" index="0"/>
			</Parameters>
		</Source>
		<!-- ListControl.Text -->
		<Source type="Managed" vector="WebRequest">
			<NameSpace>System.Web.UI.WebControls</NameSpace>
			<Class>ListControl</Class>
			<Member type="Method" name="get_Text"/>
			<Parameters>
				<Parameter type="ReturnValue" dataType="System.String" index="0"/>
			</Parameters>
		</Source>
		<!-- ListControl.Text -->
		<Source type="Managed" vector="WebRequest">
			<NameSpace>System.Web.UI.WebControls</NameSpace>
			<Class>ListControl</Class>
			<Member type="Method" name="Text"/>
			<Parameters>
				<Parameter type="ReturnValue" dataType="System.String" index="0"/>
			</Parameters>
		</Source>
		<!-- TextBox.Text -->
		<Source type="Managed" vector="WebRequest">
			<NameSpace>System.Web.UI.WebControls</NameSpace>
			<Class>TextBox</Class>
			<Member type="Method" name="get_Text"/>
			<Parameters>
				<Parameter type="ReturnValue" dataType="System.String" index="0"/>
			</Parameters>
		</Source>
		<!-- TextBox.Text -->
		<Source type="Managed" vector="WebRequest">
			<NameSpace>System.Web.UI.WebControls</NameSpace>
			<Class>TextBox</Class>
			<Member type="Method" name="Text"/>
			<Parameters>
				<Parameter type="ReturnValue" dataType="System.String" index="0"/>
			</Parameters>
		</Source>
		<!-- TextBox.Text -->
		<Source type="Managed" vector="WebRequest">
			<NameSpace>System.Windows.Forms</NameSpace>
			<Class>TextBox</Class>
			<Member type="Method" name="Text"/>
			<Parameters>
				<Parameter type="ReturnValue" dataType="System.String" index="0"/>
			</Parameters>
		</Source>
		<!-- TextBox.Text -->
		<Source type="Managed" vector="WebRequest">
			<NameSpace>System.Windows.Forms</NameSpace>
			<Class>TextBox</Class>
			<Member type="Method" name="get_Text"/>
			<Parameters>
				<Parameter type="ReturnValue" dataType="System.String" index="0"/>
			</Parameters>
		</Source>
		<!-- DropDownList.SelectedItem -->
		<Source type="Managed" vector="WebRequest">
			<NameSpace>System.Web.UI.WebControls</NameSpace>
			<Class>DropDownList</Class>
			<Member type="Method" name="get_SelectedItem"/>
			<Parameters>
				<Parameter type="ReturnValue" dataType="System.String" index="0"/>
			</Parameters>
		</Source>
		<!-- DropDownList.SelectedItem -->
		<Source type="Managed" vector="WebRequest">
			<NameSpace>System.Web.UI.WebControls</NameSpace>
			<Class>DropDownList</Class>
			<Member type="Method" name="SelectedItem"/>
			<Parameters>
				<Parameter type="ReturnValue" dataType="System.String" index="0"/>
			</Parameters>
		</Source>
		<!-- HttpPostedFile.FileName -->
		<Source type="Managed" vector="WebRequest">
			<NameSpace>System.Web</NameSpace>
			<Class>HttpPostedFile</Class>
			<Member type="Method" name="get_FileName"/>
			<Parameters>
				<Parameter type="ReturnValue" dataType="System.String" index="0"/>
			</Parameters>
		</Source>
		<!-- HttpPostedFile.FileName -->
		<Source type="Managed" vector="WebRequest">
			<NameSpace>System.Web</NameSpace>
			<Class>HttpPostedFile</Class>
			<Member type="Method" name="FileName"/>
			<Parameters>
				<Parameter type="ReturnValue" dataType="System.String" index="0"/>
			</Parameters>
		</Source>
		<!-- HttpPostedFile.ContentType -->
		<Source type="Managed" vector="WebRequest">
			<NameSpace>System.Web</NameSpace>
			<Class>HttpPostedFile</Class>
			<Member type="Method" name="get_ContentType"/>
			<Parameters>
				<Parameter type="ReturnValue" dataType="System.String" index="0"/>
			</Parameters>
		</Source>
		<!-- HttpPostedFile.ContentType -->
		<Source type="Managed" vector="WebRequest">
			<NameSpace>System.Web</NameSpace>
			<Class>HttpPostedFile</Class>
			<Member type="Method" name="ContentType"/>
			<Parameters>
				<Parameter type="ReturnValue" dataType="System.String" index="0"/>
			</Parameters>
		</Source>
		<!-- DataRow.Item -->
		<Source type="Managed" vector="Database">
			<NameSpace>System.Data</NameSpace>
			<Class>DataRow</Class>
			<Member type="Method" name="get_Item"/>
			<Parameters>
				<Parameter type="ReturnValue" dataType="System.String" index="0"/>
			</Parameters>
		</Source>
		<!-- DataRow.Item -->
		<Source type="Managed" vector="Database">
			<NameSpace>System.Data</NameSpace>
			<Class>DataRow</Class>
			<Member type="Method" name="Item"/>
			<Parameters>
				<Parameter type="ReturnValue" dataType="System.String" index="0"/>
			</Parameters>
		</Source>
		<!-- HiddenField.Value -->
		<Source type="Managed" vector="WebRequest">
			<NameSpace>System.Web.UI.WebControls</NameSpace>
			<Class>HiddenField</Class>
			<Member type="Method" name="get_Value"/>
			<Parameters>
				<Parameter type="ReturnValue" dataType="System.String" index="0"/>
			</Parameters>
		</Source>
		<!-- HiddenField.Value -->
		<Source type="Managed" vector="WebRequest">
			<NameSpace>System.Web.UI.WebControls</NameSpace>
			<Class>HiddenField</Class>
			<Member type="Method" name="Value"/>
			<Parameters>
				<Parameter type="ReturnValue" dataType="System.String" index="0"/>
			</Parameters>
		</Source>
		<!-- SQL.GetBytes -->
		<Source type="Managed" vector="WebRequest">
			<NameSpace>System.Data.SqlClient</NameSpace>
			<Class>SqlDataReader</Class>
			<Member type="Method" name="GetBytes"/>
			<Parameters>
				<Parameter type="ReturnValue" dataType="System.String" index="0"/>
			</Parameters>
		</Source>
		<!-- SQL.GetChars -->
		<Source type="Managed" vector="WebRequest">
			<NameSpace>System.Data.SqlClient</NameSpace>
			<Class>SqlDataReader</Class>
			<Member type="Method" name="GetChars"/>
			<Parameters>
				<Parameter type="ReturnValue" dataType="System.String" index="0"/>
			</Parameters>
		</Source>
		<!-- SQL.GetSqlBytes -->
		<Source type="Managed" vector="WebRequest">
			<NameSpace>System.Data.SqlClient</NameSpace>
			<Class>SqlDataReader</Class>
			<Member type="Method" name="GetSqlBytes"/>
			<Parameters>
				<Parameter type="ReturnValue" dataType="System.String" index="0"/>
			</Parameters>
		</Source>
		<!-- SQL.GetSqlChars -->
		<Source type="Managed" vector="WebRequest">
			<NameSpace>System.Data.SqlClient</NameSpace>
			<Class>SqlDataReader</Class>
			<Member type="Method" name="GetSqlChars"/>
			<Parameters>
				<Parameter type="ReturnValue" dataType="System.String" index="0"/>
			</Parameters>
		</Source>
		<!-- SQL.GetSqlString -->
		<Source type="Managed" vector="WebRequest">
			<NameSpace>System.Data.SqlClient</NameSpace>
			<Class>SqlDataReader</Class>
			<Member type="Method" name="GetSqlString"/>
			<Parameters>
				<Parameter type="ReturnValue" dataType="System.String" index="0"/>
			</Parameters>
		</Source>
		<!-- SQL.GetString -->
		<Source type="Managed" vector="WebRequest">
			<NameSpace>System.Data.SqlClient</NameSpace>
			<Class>SqlDataReader</Class>
			<Member type="Method" name="GetString"/>
			<Parameters>
				<Parameter type="ReturnValue" dataType="System.String" index="0"/>
			</Parameters>
		</Source>
		<!-- SQL.ToString -->
		<Source type="Managed" vector="WebRequest">
			<NameSpace>System.Data.SqlClient</NameSpace>
			<Class>SqlDataReader</Class>
			<Member type="Method" name="ToString"/>
			<Parameters>
				<Parameter type="ReturnValue" dataType="System.String" index="0"/>
			</Parameters>
		</Source>
		<!-- SQL.Item -->
		<Source type="Managed" vector="WebRequest">
			<NameSpace>System.Data.SqlClient</NameSpace>
			<Class>SqlDataReader</Class>
			<Member type="Method" name="Item"/>
			<Parameters>
				<Parameter type="ReturnValue" dataType="System.String" index="0"/>
			</Parameters>
		</Source>
		<!-- SQL.Item -->
		<Source type="Managed" vector="WebRequest">
			<NameSpace>System.Data.SqlClient</NameSpace>
			<Class>SqlDataReader</Class>
			<Member type="Method" name="get_Item"/>
			<Parameters>
				<Parameter type="ReturnValue" dataType="System.String" index="0"/>
			</Parameters>
		</Source>
		<!-- XML -->
		<Source type="Managed" vector="WebRequest">
			<NameSpace>System.Xml</NameSpace>
			<Class>XmlReader</Class>
			<Member type="Method" name="Create"/>
			<Parameters>
				<Parameter type="ReturnValue" dataType="System.String" index="0"/>
			</Parameters>
		</Source>
		<!-- SqlQuery -->
		<Source type="Managed" vector="WebRequest">
			<NameSpace>System.Data.Entity</NameSpace>
			<Class>Database</Class>
			<Member type="Method" name="SqlQuery"/>
			<Parameters>
				<Parameter type="ReturnValue" dataType="System.String" index="0"/>
			</Parameters>
		</Source>
		<!-- Request.BinaryRead -->
		<Source type="Managed" vector="WebRequest">
			<NameSpace>System.Web</NameSpace>
			<Class>HttpRequestBase</Class>
			<Member type="Method" name="BinaryRead"/>
			<Parameters>
				<Parameter type="ReturnValue" dataType="System.String" index="0"/>
			</Parameters>
		</Source>
		<!-- Request["foo"] -->
		<Source type="Managed" vector="WebRequest">
			<NameSpace>System.Web</NameSpace>
			<Class>HttpRequestBase</Class>
			<Member type="Method" name="get_Item"/>
			<Parameters>
				<Parameter type="ReturnValue" dataType="System.String" index="0"/>
			</Parameters>
		</Source>
		<!-- Request.Item["foo"] -->
		<Source type="Managed" vector="WebRequest">
			<NameSpace>System.Web</NameSpace>
			<Class>HttpRequestBase</Class>
			<Member type="Method" name="Item"/>
			<Parameters>
				<Parameter type="ReturnValue" dataType="System.String" index="0"/>
			</Parameters>
		</Source>
		<!-- Request.QueryString["foo"] -->
		<Source type="Managed" vector="WebRequest">
			<NameSpace>System.Web</NameSpace>
			<Class>HttpRequestBase</Class>
			<Member type="Method" name="get_QueryString"/>
			<Parameters>
				<Parameter type="ReturnValue" dataType="System.String" index="0"/>
			</Parameters>
		</Source>
		<!-- Request.QueryString["foo"] -->
		<Source type="Managed" vector="WebRequest">
			<NameSpace>System.Web</NameSpace>
			<Class>HttpRequestBase</Class>
			<Member type="Method" name="QueryString"/>
			<Parameters>
				<Parameter type="ReturnValue" dataType="System.String" index="0"/>
			</Parameters>
		</Source>
		<!-- Request.Params["foo"] -->
		<Source type="Managed" vector="WebRequest">
			<NameSpace>System.Web</NameSpace>
			<Class>HttpRequestBase</Class>
			<Member type="Method" name="get_Params"/>
			<Parameters>
				<Parameter type="ReturnValue" dataType="System.String" index="0"/>
			</Parameters>
		</Source>
		<!-- Request.Params["foo"] -->
		<Source type="Managed" vector="WebRequest">
			<NameSpace>System.Web</NameSpace>
			<Class>HttpRequestBase</Class>
			<Member type="Method" name="Params"/>
			<Parameters>
				<Parameter type="ReturnValue" dataType="System.String" index="0"/>
			</Parameters>
		</Source>
		<!-- Request.Form["foo"] -->
		<Source type="Managed" vector="WebRequest">
			<NameSpace>System.Web</NameSpace>
			<Class>HttpRequestBase</Class>
			<Member type="Method" name="get_Form"/>
			<Parameters>
				<Parameter type="ReturnValue" dataType="System.String" index="0"/>
			</Parameters>
		</Source>
		<!-- Request.Form["foo"] -->
		<Source type="Managed" vector="WebRequest">
			<NameSpace>System.Web</NameSpace>
			<Class>HttpRequestBase</Class>
			<Member type="Method" name="Form"/>
			<Parameters>
				<Parameter type="ReturnValue" dataType="System.String" index="0"/>
			</Parameters>
		</Source>
		<!-- Request.Cookies["foo"] -->
		<Source type="Managed" vector="WebRequest">
			<NameSpace>System.Web</NameSpace>
			<Class>HttpRequestBase</Class>
			<Member type="Method" name="get_Cookies"/>
			<Parameters>
				<Parameter type="ReturnValue" dataType="System.String" index="0"/>
			</Parameters>
		</Source>
		<!-- Request.Cookies["foo"] -->
		<Source type="Managed" vector="WebRequest">
			<NameSpace>System.Web</NameSpace>
			<Class>HttpRequestBase</Class>
			<Member type="Method" name="Cookies"/>
			<Parameters>
				<Parameter type="ReturnValue" dataType="System.String" index="0"/>
			</Parameters>
		</Source>
		<!-- Request.UserLanguages[0] -->
		<Source type="Managed" vector="WebRequest">
			<NameSpace>System.Web</NameSpace>
			<Class>HttpRequestBase</Class>
			<Member type="Method" name="get_UserLanguages"/>
			<Parameters>
				<Parameter type="ReturnValue" dataType="System.String" index="0"/>
			</Parameters>
		</Source>
		<!-- Request.UserLanguages[0] -->
		<Source type="Managed" vector="WebRequest">
			<NameSpace>System.Web</NameSpace>
			<Class>HttpRequestBase</Class>
			<Member type="Method" name="UserLanguages"/>
			<Parameters>
				<Parameter type="ReturnValue" dataType="System.String" index="0"/>
			</Parameters>
		</Source>
    <!-- Request.Headers["foo"] -->
    <Source type="Managed" vector="WebRequest">
      <NameSpace>System.Web</NameSpace>
      <Class>HttpRequestBase</Class>
      <Member type="Method" name="get_Headers"/>
      <Parameters>
        <Parameter type="ReturnValue" dataType="System.String" index="0"/>
      </Parameters>
    </Source>
	<!-- Request.Headers["foo"] -->
    <Source type="Managed" vector="WebRequest">
      <NameSpace>System.Web</NameSpace>
      <Class>HttpRequestBase</Class>
      <Member type="Method" name="Headers"/>
      <Parameters>
        <Parameter type="ReturnValue" dataType="System.String" index="0"/>
      </Parameters>
    </Source>
		<!-- Request.Url -->
		<Source type="Managed" vector="WebRequest">
			<NameSpace>System.Web</NameSpace>
			<Class>HttpRequestBase</Class>
			<Member type="Method" name="get_Url"/>
			<Parameters>
				<Parameter type="ReturnValue" dataType="System.String" index="0"/>
			</Parameters>
		</Source>
		<!-- Request.Url -->
		<Source type="Managed" vector="WebRequest">
			<NameSpace>System.Web</NameSpace>
			<Class>HttpRequestBase</Class>
			<Member type="Method" name="Url"/>
			<Parameters>
				<Parameter type="ReturnValue" dataType="System.String" index="0"/>
			</Parameters>
		</Source>
		<!-- Request.RawUrl -->
		<Source type="Managed" vector="WebRequest">
			<NameSpace>System.Web</NameSpace>
			<Class>HttpRequestBase</Class>
			<Member type="Method" name="get_RawUrl"/>
			<Parameters>
				<Parameter type="ReturnValue" dataType="System.String" index="0"/>
			</Parameters>
		</Source>
		<!-- Request.RawUrl -->
		<Source type="Managed" vector="WebRequest">
			<NameSpace>System.Web</NameSpace>
			<Class>HttpRequestBase</Class>
			<Member type="Method" name="RawUrl"/>
			<Parameters>
				<Parameter type="ReturnValue" dataType="System.String" index="0"/>
			</Parameters>
		</Source>
		<!-- Request.ServerVariables -->
		<Source type="Managed" vector="WebRequest">
			<NameSpace>System.Web</NameSpace>
			<Class>HttpRequestBase</Class>
			<Member type="Method" name="get_ServerVariables"/>
			<Parameters>
				<Parameter type="ReturnValue" dataType="System.String" index="0"/>
			</Parameters>
		</Source>
		<!-- Request.ServerVariables -->
		<Source type="Managed" vector="WebRequest">
			<NameSpace>System.Web</NameSpace>
			<Class>HttpRequestBase</Class>
			<Member type="Method" name="ServerVariables"/>
			<Parameters>
				<Parameter type="ReturnValue" dataType="System.String" index="0"/>
			</Parameters>
		</Source>
		<!-- Request.UserAgent -->
		<Source type="Managed" vector="WebRequest">
			<NameSpace>System.Web</NameSpace>
			<Class>HttpRequestBase</Class>
			<Member type="Method" name="get_UserAgent"/>
			<Parameters>
				<Parameter type="ReturnValue" dataType="System.String" index="0"/>
			</Parameters>
		</Source>
		<!-- Request.UserAgent -->
		<Source type="Managed" vector="WebRequest">
			<NameSpace>System.Web</NameSpace>
			<Class>HttpRequestBase</Class>
			<Member type="Method" name="UserAgent"/>
			<Parameters>
				<Parameter type="ReturnValue" dataType="System.String" index="0"/>
			</Parameters>
		</Source>
	</Sources>
</SourceGroup>
