<DataFlowRule version="1">
	<Info>
		<Identifier>ACESEC06</Identifier>
		<Name>Redirection to User Controlled Site</Name>
		<Author>ACE Team</Author>
		<Email>apassure@microsoft.com</Email>
		<Description>This rule detects potential site redirection issues.</Description>
		<Problem>A cross-site redirection vulnerability was found through
		a user controlled variable that enters the application at
		%SOURCEFILE%:%SOURCELINE% through the variable %SOURCEVAR% which
		eventually leads to a cross-site redirection issue at
		%SINKFILE%:%SINKLINE%.</Problem>
		<Resolution>Do not allow off-site redirections to absolute URLs that can
			be specified by the user.</Resolution>
	</Info>

	<!-- All data originating from user input... -->
	<Sources>
		<Source type="Group" name="UserInput"/>
	</Sources>

	<!-- ...where data arrives at the web redirect routine -->
	<Sinks>
		<Sink type="Managed">
			<NameSpace>System.Web</NameSpace>
			<Class>HttpResponse</Class>
			<Member type="Method" name="Redirect"/>
			<Parameters>
				<Parameter type="InParameter" dataType="System.String" index="0"/>
			</Parameters>
		</Sink>
	</Sinks>

	<Filters>
		<!-- Ignore data flow paths that have primitive return types -->
		<BuiltinFilter name="PrimitiveReturnTypes" description="Primitive Data Type">
			<Action>Ignore</Action>
		</BuiltinFilter>

		<!-- Ignore data flow paths that concat the data but not as the first parameter -->
		<BuiltinFilter name="ConcatFirstParameter" description="Data concat as first parameter">
			<Action>Ignore</Action>
		</BuiltinFilter>
	</Filters>
</DataFlowRule>
