<DataFlowRule version="1">
	<Info>
		<Identifier>ACESEC05</Identifier>
		<Name>Cross-Site Scripting</Name>
		<Author>ACE Team</Author>
		<Email>apassure@microsoft.com</Email>
		<Description>This rule detects potential cross-site scripting issues.</Description>
		<Problem>A cross-site scripting vulnerability was found through
		a user controlled variable that enters the application at
		%SOURCEFILE%:%SOURCELINE% through the variable %SOURCEVAR% which
		eventually leads to a cross-site scripting issue at
		%SINKFILE%:%SINKLINE%.</Problem>
		<Resolution>Use the Anti-XSS library to properly encode the data before rendering it</Resolution>
	</Info>

	<!-- All data originating from user input... -->
	<Sources>
		<Source type="Group" name="UserInput"/>
	</Sources>

	<!-- ...where data arrives at web response routines -->
	<Sinks>
		<Sink type="Group" name="WebResponse">
			<Encodings>
				<Encoding name="HTML"/>
			</Encodings>
		</Sink>
	</Sinks>

	<Filters>
		<!-- Ignore data flow paths that have primitive return types -->
		<BuiltinFilter name="PrimitiveReturnTypes" description="Primitive Data Type">
			<Action>Ignore</Action>
		</BuiltinFilter>
	</Filters>
</DataFlowRule>
